t,L_1,L_2,L_3
2.7128281593322754,446.67,527.5,494.17
3.7154736518859863,440.0,526.67,493.33
4.717264413833618,440.0,526.67,493.33
5.718748569488525,440.0,526.67,486.67
6.720024347305298,440.0,526.67,486.67
7.722161769866943,445.0,525.83,485.0
8.724067211151123,443.33,525.0,485.0
9.72630786895752,443.33,525.0,485.0
10.72700047492981,443.33,525.0,485.0
11.729641437530518,444.17,524.17,483.33
12.730395793914795,443.33,524.17,484.17
13.733095645904541,443.33,524.17,483.33
14.734883546829224,440.0,523.33,483.33
15.735732555389404,440.0,523.33,483.33
16.73761558532715,442.5,522.5,480.0
17.74022364616394,441.67,522.5,482.5
18.741206645965576,441.67,522.5,482.5
19.74291729927063,441.67,522.5,482.5
20.74394655227661,440.0,521.67,481.67
21.7461678981781,440.0,521.67,481.67
22.748381853103638,440.0,520.83,480.0
23.75051712989807,440.0,520.83,480.83
24.751488208770752,440.0,520.83,480.83
25.75411868095398,440.0,520.83,480.83
26.754619359970093,440.0,520.0,480.0
27.757078886032104,426.67,520.0,480.0
28.75813341140747,438.33,519.17,486.67
29.76054358482361,438.33,519.17,485.83
30.76136040687561,438.33,518.33,485.0
31.76444125175476,438.33,518.33,485.0
32.76610064506531,438.33,518.33,485.0
33.76890826225281,436.67,518.33,485.0
34.7704803943634,436.67,518.33,485.0
35.77326846122742,437.5,517.5,483.33
36.77491235733032,436.67,517.5,483.33
37.77731275558472,436.67,517.5,483.33
38.779258489608765,437.5,517.5,483.33
39.78202819824219,436.67,516.67,483.33
40.78395342826843,433.33,516.67,483.33
41.78691864013672,436.67,516.67,483.33
42.788758754730225,433.33,516.67,483.33
43.7905433177948,435.83,515.83,480.0
44.793779611587524,435.0,515.0,481.67
45.79429578781128,433.33,515.0,481.67
46.79703950881958,434.17,514.17,480.83
47.798057556152344,434.17,514.17,480.83
48.800328731536865,434.17,514.17,480.0
49.80162310600281,433.33,514.17,480.0
50.80357766151428,433.33,514.17,480.83
51.804824352264404,426.67,513.33,480.0
52.807663679122925,426.67,513.33,480.0
53.808574199676514,426.67,513.33,480.0
54.811057806015015,432.5,512.5,480.83
55.81137180328369,431.67,512.5,480.83
56.814048051834106,432.5,512.5,480.0
57.814560413360596,431.67,512.5,480.0
58.81719660758972,431.67,511.67,480.0
59.8183970451355,429.17,509.17,454.17
60.82046341896057,426.67,506.67,453.33
61.82248520851135,430.0,511.67,480.0
62.82376837730408,431.67,512.5,480.83
63.8257954120636,432.5,512.5,480.83
64.82771682739258,431.67,512.5,480.0
65.82887649536133,431.67,511.67,480.0
66.8306896686554,430.0,511.67,480.0
67.83267307281494,431.67,511.67,480.0
68.83413410186768,430.0,511.67,480.0
69.8359911441803,430.0,511.67,480.0
70.83845448493958,430.83,510.83,480.0
71.8397569656372,430.83,510.83,480.0
72.8411636352539,430.0,510.83,480.0
73.84408235549927,430.0,510.0,480.0
74.84572887420654,430.0,510.0,480.0
75.84785676002502,430.0,510.0,480.0
76.85082983970642,430.0,510.0,456.67
77.85248231887817,426.67,510.0,456.67
78.85447454452515,429.17,509.17,455.0
79.85757040977478,429.17,509.17,455.0
80.85927486419678,429.17,509.17,455.0
81.86207962036133,428.33,509.17,455.0
82.86415028572083,428.33,508.33,453.33
83.86605405807495,428.33,508.33,453.33
84.86879086494446,428.33,508.33,453.33
85.87076187133789,426.67,508.33,453.33
86.87260389328003,427.5,507.5,453.33
87.87384605407715,426.67,507.5,454.17
88.87553834915161,426.67,506.67,453.33
89.87757611274719,503.33,504.17,446.67
90.87841701507568,505.0,505.83,449.17
91.88134455680847,426.67,505.83,448.33
92.88230538368225,426.67,505.83,448.33
93.88462233543396,495.0,502.5,441.67
94.88546061515808,500.0,500.83,440.0
95.8882098197937,503.33,504.17,446.67
96.88923048973083,496.67,504.17,446.67
97.89100456237793,500.0,500.83,440.83
98.8923089504242,500.0,500.0,440.0
99.89528965950012,500.83,504.17,446.67
100.89567542076111,500.0,503.33,443.33
101.89850997924805,500.83,502.5,441.67
102.89977359771729,500.0,501.67,440.0
103.90141248703003,500.0,501.67,440.0
104.9028902053833,500.0,501.67,440.0
105.90595698356628,500.0,501.67,441.67
106.90647983551025,500.0,501.67,440.0
107.90881633758545,500.0,501.67,440.0
108.90971732139587,500.0,500.83,440.0
109.91235899925232,500.0,500.83,440.0
110.91307759284973,493.33,500.0,440.0
111.91539788246155,493.33,500.0,440.0
112.91621088981628,493.33,500.0,440.0
113.91871213912964,493.33,500.0,440.0
114.92078280448914,493.33,500.0,440.0
115.92336440086365,493.33,500.0,440.0
116.92541432380676,493.33,500.0,440.0
117.92831325531006,493.33,500.0,440.0
118.93042635917664,493.33,500.0,440.0
119.93298053741455,493.33,500.0,440.0
120.93485116958618,493.33,500.0,440.0
121.93690395355225,498.33,499.17,442.5
122.93960380554199,498.33,499.17,442.5
123.94163846969604,498.33,499.17,442.5
124.94380044937134,497.5,499.17,441.67
125.94599461555481,496.67,498.33,440.0
126.94861578941345,496.67,498.33,440.0
127.94943714141846,496.67,497.5,440.83
128.95227766036987,496.67,497.5,440.83
129.95266270637512,496.67,497.5,440.83
130.95548105239868,496.67,497.5,440.83
131.9565625190735,496.67,497.5,440.83
132.95941162109375,496.67,497.5,440.83
133.96024203300476,494.17,497.5,440.0
134.9626042842865,493.33,496.67,440.0
135.9632065296173,493.33,496.67,440.0
136.96525144577026,493.33,496.67,440.0
137.9675087928772,493.33,496.67,440.0
138.96946620941162,493.33,496.67,440.0
139.97084164619446,493.33,496.67,430.0
140.97271919250488,493.33,496.67,430.0
141.97364234924316,493.33,496.67,430.0
142.97626447677612,495.0,495.83,429.17
143.97744965553284,495.0,495.83,429.17
144.9789845943451,495.0,495.83,429.17
145.98080348968506,495.0,495.83,429.17
146.98291563987732,495.0,495.83,429.17
147.9842712879181,494.17,495.83,428.33
148.98643827438354,494.17,495.83,428.33
149.98771333694458,493.33,495.0,428.33
150.9898042678833,493.33,495.0,428.33
151.99099946022034,493.33,495.0,428.33
152.992591381073,493.33,428.33,428.33
153.99515581130981,493.33,495.0,428.33
154.9961907863617,493.33,494.17,427.5
155.99970602989197,493.33,495.0,428.33
157.0013575553894,493.33,495.0,428.33
158.0031452178955,440.0,440.0,440.0
159.00615453720093,426.67,495.0,463.33
160.0085642337799,440.0,440.83,440.83
161.0109875202179,500.83,500.83,440.83
162.01200938224792,501.67,501.67,440.0
163.01459980010986,500.0,500.83,469.17
164.0172622203827,570.0,583.33,543.33
165.01885604858398,26.67,880.0,5.0
166.0215573310852,896.67,898.33,18.33
167.0242054462433,896.67,898.33,827.5
168.02599620819092,893.33,900.0,20.0
169.0267210006714,894.17,900.83,20.83
170.02963089942932,893.33,900.0,825.83
171.03075528144836,893.33,900.0,825.0
172.03300261497498,895.0,899.17,18.33
173.0341866016388,895.0,899.17,825.0
174.03629541397095,893.33,898.33,825.0
175.03741478919983,894.17,895.83,15.0
176.03905034065247,893.33,895.83,14.17
177.0407898426056,893.33,895.83,824.17
178.0431888103485,946.67,895.83,823.33
179.04410076141357,893.33,895.0,823.33
180.04711270332336,881.67,895.0,823.33
181.0478160381317,881.67,895.0,13.33
182.0503318309784,880.83,894.17,823.33
183.05088186264038,880.0,14.17,822.5
184.05347871780396,945.0,894.17,822.5
185.05435609817505,61.67,894.17,822.5
186.05682468414307,60.0,894.17,821.67
187.0586006641388,60.0,13.33,821.67
188.05980157852173,60.0,8.33,821.67
189.06132197380066,60.0,8.33,821.67
190.0641438961029,60.0,8.33,821.67
191.0645911693573,60.0,7.5,820.83
192.06659817695618,60.83,6.67,820.83
193.068354845047,60.0,6.67,820.0
194.07098984718323,60.0,890.83,820.0
195.07149147987366,60.0,13.33,820.0
196.07384395599365,60.0,6.67,820.0
197.07626819610596,55.0,3.33,819.17
198.07811093330383,54.17,5.83,819.17
199.0803952217102,53.33,5.0,818.33
200.08258509635925,53.33,1.67,818.33
201.08524131774902,0.0,1.67,818.33
202.08771777153015,0.0,889.17,818.33
203.0894775390625,882.5,889.17,817.5
204.09203815460205,881.67,888.33,0.83
205.09374928474426,880.83,887.5,0.83
206.09630846977234,883.33,890.0,816.67
207.09878635406494,883.33,890.0,3.33
208.10085105895996,880.83,889.17,816.67
209.1028823852539,880.83,889.17,0.0
210.10445070266724,880.83,889.17,2.5
211.10605311393738,880.83,889.17,2.5
212.10825324058533,880.0,889.17,815.83
213.11037182807922,880.0,888.33,815.0
214.1113669872284,880.0,888.33,815.0
215.11332201957703,880.0,887.5,815.0
216.11508750915527,880.0,888.33,815.0
217.11714887619019,880.83,887.5,814.17
218.11861944198608,880.83,887.5,814.17
219.12071108818054,880.0,886.67,814.17
220.12234044075012,880.0,886.67,814.17
221.12449383735657,880.0,886.67,814.17
222.12525391578674,880.0,886.67,813.33
223.12741470336914,880.0,886.67,813.33
224.1291058063507,880.0,886.67,814.17
225.13071393966675,880.0,886.67,813.33
226.13214206695557,880.83,885.83,0.0
227.13433861732483,880.83,885.83,0.0
228.13523721694946,880.83,885.83,0.0
229.1374216079712,880.0,885.83,812.5
230.13903331756592,880.0,885.0,5.0
231.14145636558533,880.0,885.0,812.5
232.14188146591187,880.0,885.0,5.0
233.14485955238342,880.0,885.0,5.0
234.146320104599,858.33,885.0,811.67
235.14836764335632,857.5,884.17,3.33
236.14977765083313,857.5,884.17,3.33
237.15179777145386,857.5,884.17,811.67
238.15367436408997,857.5,884.17,3.33
239.15696048736572,856.67,883.33,810.83
240.1591670513153,856.67,883.33,3.33
241.1601037979126,853.33,881.67,0.0
242.16245365142822,853.33,881.67,1.67
243.16525268554688,853.33,881.67,809.17
244.1677761077881,853.33,881.67,1.67
245.16909742355347,853.33,881.67,1.67
246.17173147201538,854.17,880.83,0.0
247.17421007156372,854.17,880.83,0.0
248.17674040794373,853.33,880.83,808.33
249.17871618270874,853.33,880.0,0.0
250.18114018440247,854.17,880.83,0.83
251.1821482181549,854.17,880.83,809.17
252.18393898010254,854.17,880.83,808.33
253.1858847141266,854.17,880.83,808.33
254.18772768974304,854.17,880.83,808.33
255.18895411491394,853.33,880.0,7.5
256.19186902046204,873.33,877.5,807.5
257.1928565502167,853.33,880.0,807.5
258.1949107646942,875.0,879.17,807.5
259.19550037384033,874.17,879.17,806.67
260.1985614299774,874.17,879.17,806.67
261.1997060775757,873.33,879.17,806.67
262.2017574310303,873.33,878.33,806.67
263.2027416229248,871.67,878.33,5.0
264.2046449184418,870.83,877.5,4.17
265.2063570022583,870.83,877.5,4.17
266.20842146873474,870.83,877.5,4.17
267.2099120616913,873.33,878.33,805.83
268.2117660045624,871.67,878.33,805.83
269.2129862308502,870.83,877.5,805.83
270.21565198898315,73.33,820.83,753.33
271.2166659832001,645.0,658.33,608.33
272.2190284729004,441.67,590.0,590.0
273.2206575870514,428.33,638.33,589.17
274.2227120399475,440.0,631.67,576.67
275.22363924980164,445.0,631.67,576.67
276.225781917572,443.33,576.67,576.67
277.2267942428589,440.0,576.67,576.67
278.228887796402,443.33,576.67,576.67
279.2317702770233,443.33,576.67,576.67
280.2337431907654,443.33,576.67,576.67
281.2365207672119,443.33,576.67,576.67
282.23775815963745,443.33,576.67,576.67
283.2407155036926,443.33,576.67,576.67
284.24293422698975,443.33,576.67,583.33
285.24589705467224,443.33,576.67,576.67
286.2467534542084,440.0,574.17,582.5
287.2497239112854,443.33,630.83,582.5
288.2515697479248,443.33,630.83,583.33
289.2540760040283,443.33,630.83,585.0
290.25569105148315,443.33,630.83,574.17
291.2587556838989,443.33,630.83,574.17
292.2600510120392,445.0,631.67,576.67
293.26170659065247,444.17,630.83,576.67
294.26366567611694,444.17,630.83,576.67
295.2648546695709,444.17,630.83,576.67
296.2667281627655,445.0,631.67,576.67
297.2684874534607,444.17,630.83,574.17
298.26991176605225,443.33,630.83,574.17
299.2723195552826,443.33,630.0,573.33
300.2737443447113,443.33,630.0,573.33
301.2755489349365,443.33,630.0,573.33
302.27656602859497,443.33,630.0,573.33
303.27973532676697,443.33,630.0,573.33
304.280663728714,443.33,630.0,573.33
305.2829291820526,443.33,630.0,573.33
306.28435945510864,443.33,630.0,573.33
307.2859501838684,440.0,629.17,575.0
308.28692984580994,440.0,629.17,575.0
309.2896001338959,440.0,629.17,575.0
310.2906606197357,440.0,629.17,575.0
311.2928717136383,440.0,629.17,575.0
312.2946708202362,440.0,629.17,574.17
313.29665637016296,440.0,629.17,574.17
314.297643661499,440.0,629.17,574.17
315.2999541759491,441.67,628.33,573.33
316.30060338974,441.67,628.33,573.33
317.30381631851196,441.67,628.33,573.33
318.3043701648712,441.67,628.33,573.33
319.3066601753235,441.67,628.33,573.33
320.30876302719116,441.67,628.33,573.33
321.31110286712646,441.67,628.33,573.33
322.31321001052856,440.0,627.5,574.17
323.31612515449524,440.0,627.5,574.17
324.31772446632385,440.83,627.5,573.33
325.32025480270386,440.0,627.5,573.33
326.3221950531006,440.0,627.5,574.17
327.32491064071655,440.0,626.67,573.33
328.3265926837921,427.5,625.83,565.0
329.3296146392822,427.5,625.83,565.0
330.3321223258972,426.67,625.83,565.0
331.33338236808777,426.67,625.83,565.0
332.3359227180481,426.67,625.83,564.17
333.3383717536926,426.67,625.0,563.33
334.33996772766113,426.67,625.0,563.33
335.34106254577637,426.67,625.83,565.0
336.3434875011444,426.67,625.83,564.17
337.34357833862305,438.33,625.0,563.33
338.34659481048584,437.5,624.17,560.83
339.34772753715515,437.5,624.17,563.33
340.3498432636261,426.67,625.0,563.33
341.35046672821045,426.67,625.83,565.0
342.35343408584595,426.67,625.83,565.0
343.3549439907074,426.67,625.0,563.33
344.35721135139465,438.33,625.0,563.33
345.35763573646545,438.33,625.0,563.33
346.3602795600891,438.33,625.0,563.33
347.3610694408417,426.67,625.0,563.33
348.363853931427,438.33,625.0,563.33
349.36528158187866,438.33,625.0,563.33
350.3667013645172,438.33,625.0,563.33
351.3686819076538,436.67,624.17,563.33
352.37073159217834,437.5,624.17,563.33
353.3716232776642,438.33,625.0,563.33
354.3736517429352,438.33,625.0,563.33
355.3755078315735,437.5,624.17,563.33
356.37751817703247,436.67,624.17,563.33
357.37877106666565,436.67,624.17,563.33
358.38078474998474,436.67,624.17,563.33
359.38292145729065,437.5,624.17,563.33
360.38412857055664,437.5,624.17,563.33
361.3865385055542,436.67,624.17,563.33
362.3895540237427,436.67,624.17,563.33
363.3917555809021,436.67,624.17,563.33
364.3927366733551,436.67,624.17,563.33
365.3958203792572,436.67,623.33,563.33
366.39778685569763,436.67,624.17,563.33
367.3998291492462,436.67,624.17,563.33
368.4028515815735,437.5,624.17,560.83
369.4050712585449,436.67,624.17,560.83
370.4064977169037,436.67,623.33,563.33
371.40952610969543,436.67,623.33,563.33
372.41128635406494,436.67,623.33,563.33
373.4133596420288,436.67,624.17,560.83
374.4153594970703,436.67,623.33,560.0
375.4169907569885,436.67,623.33,560.0
376.418416261673,436.67,623.33,560.0
377.4199378490448,436.67,623.33,560.0
378.4223611354828,436.67,623.33,560.0
379.4236259460449,436.67,623.33,560.0
380.42560601234436,436.67,623.33,560.0
381.42747712135315,436.67,623.33,560.0
382.4286513328552,436.67,623.33,560.0
383.4304645061493,436.67,623.33,560.0
384.4326055049896,434.17,622.5,562.5
385.433730840683,434.17,622.5,562.5
386.43587732315063,436.67,623.33,560.0
387.43802881240845,434.17,622.5,562.5
388.43944239616394,436.67,623.33,560.0
389.4415817260742,436.67,623.33,560.0
390.44262862205505,433.33,622.5,562.5
391.4447169303894,433.33,622.5,561.67
392.4457116127014,433.33,622.5,562.5
393.44866013526917,433.33,622.5,562.5
394.44962430000305,433.33,622.5,561.67
395.4516179561615,433.33,622.5,561.67
396.4535918235779,433.33,622.5,561.67
397.45569705963135,433.33,622.5,561.67
398.4566321372986,433.33,622.5,561.67
399.4586491584778,433.33,621.67,561.67
400.459331035614,433.33,622.5,561.67
401.46158933639526,433.33,622.5,561.67
402.4635021686554,435.0,621.67,561.67
403.46651101112366,435.0,621.67,561.67
404.46875524520874,435.0,621.67,561.67
405.47073459625244,433.33,621.67,561.67
406.47370505332947,435.0,621.67,560.0
407.4757561683655,435.0,621.67,560.0
408.477810382843,435.0,621.67,560.0
409.48026514053345,435.0,621.67,560.0
410.48243951797485,435.0,621.67,560.0
411.48471093177795,435.0,621.67,560.0
412.48712158203125,435.0,621.67,560.0
413.489378452301,434.17,620.83,560.83
414.4913365840912,435.0,621.67,560.0
415.49243998527527,433.33,620.83,560.83
416.49439311027527,435.0,621.67,560.0
417.4954798221588,434.17,620.83,560.83
418.49848437309265,433.33,620.83,560.83
419.4994602203369,433.33,620.83,560.83
420.5017671585083,435.0,621.67,560.0
421.50268507003784,434.17,620.83,560.0
422.5056343078613,433.33,620.83,560.0
423.5062780380249,433.33,620.83,560.0
424.50924944877625,433.33,620.83,560.83
425.5092294216156,433.33,620.83,560.83
426.51225686073303,433.33,620.83,560.83
427.5134320259094,433.33,620.83,560.83
428.5154163837433,433.33,620.83,560.0
429.51651263237,433.33,620.83,560.0
430.5185577869415,433.33,620.83,560.0
431.5197820663452,433.33,620.83,560.0
432.52221512794495,433.33,620.83,560.0
433.5232057571411,433.33,620.83,560.83
434.525838136673,433.33,620.83,560.83
435.5272738933563,433.33,620.83,560.0
436.52946281433105,433.33,620.83,560.0
437.5306820869446,433.33,620.83,560.0
438.5327489376068,433.33,620.83,560.0
439.5337002277374,433.33,620.0,560.0
440.5353374481201,433.33,620.83,560.0
441.5373954772949,433.33,620.83,560.0
442.53935742378235,433.33,620.83,560.0
443.54236602783203,433.33,620.83,560.0
444.5444996356964,433.33,620.0,560.0
445.5462441444397,433.33,620.0,560.0
446.5490860939026,433.33,620.0,560.0
447.55089139938354,433.33,620.0,560.0
448.5529935359955,434.17,620.83,560.0
449.55472707748413,433.33,620.0,566.67
450.55779695510864,433.33,620.0,566.67
451.56020998954773,433.33,620.0,560.0
452.56163263320923,433.33,620.0,560.0
453.5637445449829,433.33,620.0,566.67
454.5661804676056,433.33,620.0,566.67
455.5687792301178,426.67,619.17,565.83
456.5702018737793,426.67,619.17,565.83
457.5715227127075,426.67,619.17,565.83
458.57394766807556,433.33,620.0,566.67
459.5752546787262,426.67,619.17,565.83
460.5763032436371,426.67,619.17,565.0
461.5792691707611,426.67,619.17,565.83
462.58041405677795,426.67,619.17,565.0
463.58258390426636,426.67,619.17,565.0
464.5837879180908,426.67,619.17,565.0
465.58621096611023,426.67,619.17,565.0
466.5865526199341,426.67,619.17,565.0
467.589519739151,426.67,619.17,565.0
468.5905065536499,431.67,618.33,565.0
469.5935962200165,431.67,618.33,565.0
470.59382367134094,431.67,618.33,565.0
471.59624695777893,431.67,618.33,565.0
472.5975158214569,426.67,618.33,565.0
473.59948682785034,431.67,618.33,565.0
474.6006155014038,431.67,618.33,563.33
475.6030650138855,431.67,618.33,563.33
476.60461807250977,430.83,617.5,564.17
477.6066484451294,430.83,617.5,564.17
478.60801124572754,430.83,617.5,564.17
479.610182762146,430.0,617.5,564.17
480.6112906932831,430.83,617.5,564.17
481.61366605758667,430.0,617.5,563.33
482.61463236808777,430.83,617.5,563.33
483.616660118103,430.0,616.67,563.33
484.61961603164673,430.0,616.67,563.33
485.6217186450958,430.0,616.67,563.33
486.62414264678955,430.0,616.67,563.33
487.62629890441895,430.0,616.67,563.33
488.628648519516,430.0,616.67,563.33
489.6300735473633,430.0,616.67,563.33
490.63302779197693,430.0,616.67,563.33
491.6342875957489,430.0,616.67,563.33
492.6375138759613,430.0,616.67,560.0
493.63945603370667,430.0,616.67,560.0
494.64268708229065,426.67,615.83,562.5
495.6441059112549,427.5,615.83,562.5
496.64610600471497,427.5,615.83,562.5
497.6472408771515,426.67,615.83,562.5
498.6492130756378,426.67,615.83,562.5
499.6501021385193,426.67,615.83,562.5
500.6530888080597,426.67,615.83,562.5
501.6540620326996,426.67,615.83,562.5
502.6559946537018,426.67,615.83,562.5
503.6578197479248,426.67,615.83,562.5
504.66024804115295,426.67,615.83,562.5
505.6612515449524,426.67,615.83,561.67
506.6632616519928,426.67,615.83,561.67
507.6643662452698,428.33,615.0,561.67
508.66639018058777,428.33,615.0,561.67
509.66764664649963,426.67,615.0,561.67
510.6700806617737,426.67,615.0,561.67
511.6713488101959,426.67,615.83,562.5
512.6736931800842,426.67,615.83,561.67
513.6751191616058,426.67,615.83,561.67
514.6773355007172,429.17,615.83,561.67
515.6784093379974,426.67,615.0,561.67
516.6813621520996,426.67,615.0,561.67
517.6825640201569,428.33,615.0,561.67
518.6836576461792,428.33,615.0,561.67
519.6860830783844,426.67,615.0,561.67
520.6880989074707,428.33,615.0,561.67
521.6893737316132,428.33,615.0,561.67
522.6914460659027,427.5,614.17,560.0
523.6924238204956,427.5,614.17,560.0
524.6942994594574,428.33,615.0,561.67
525.6963651180267,428.33,615.0,561.67
526.6995015144348,428.33,615.0,561.67
527.7009391784668,428.33,615.0,561.67
528.7031500339508,427.5,614.17,560.83
529.7051572799683,426.67,614.17,560.83
530.7075119018555,426.67,614.17,560.83
531.7105023860931,428.33,615.0,560.0
532.7126858234406,426.67,614.17,560.83
533.7151100635529,426.67,614.17,560.83
534.7172284126282,426.67,614.17,560.83
535.7191474437714,426.67,614.17,560.83
536.7211410999298,426.67,614.17,560.83
537.723418712616,426.67,614.17,560.83
538.72443151474,426.67,614.17,560.83
539.7268595695496,426.67,614.17,560.0
540.7279694080353,426.67,613.33,560.0
541.7309639453888,426.67,613.33,560.0
542.7318570613861,426.67,613.33,560.0
543.7340815067291,426.67,613.33,566.67
544.735071182251,426.67,613.33,566.67
545.7376108169556,426.67,613.33,566.67
546.7391109466553,426.67,560.0,560.0
547.741051197052,426.67,613.33,566.67
548.74147605896,426.67,613.33,560.0
549.7448363304138,427.5,612.5,540.0
550.7456965446472,426.67,613.33,560.0
551.7475528717041,427.5,612.5,540.0
552.748587846756,426.67,613.33,566.67
553.7509567737579,426.67,613.33,565.83
554.7523784637451,426.67,612.5,565.83
555.7547900676727,426.67,610.83,537.5
556.7554273605347,426.67,612.5,539.17
557.7585592269897,426.67,612.5,539.17
558.7599849700928,426.67,612.5,539.17
559.7620050907135,426.67,539.17,539.17
560.763058423996,426.67,612.5,565.83
561.7651336193085,426.67,612.5,540.83
562.7660622596741,426.67,612.5,539.17
563.768149137497,426.67,611.67,538.33
564.7701392173767,426.67,611.67,538.33
565.772097826004,426.67,611.67,538.33
566.7739794254303,426.67,611.67,538.33
567.776166677475,426.67,612.5,539.17
568.7784307003021,426.67,612.5,539.17
569.7808554172516,426.67,611.67,538.33
570.7829458713531,426.67,611.67,538.33
571.7861597537994,426.67,611.67,538.33
572.7881140708923,426.67,611.67,538.33
573.7900900840759,426.67,611.67,538.33
574.7920801639557,426.67,611.67,538.33
575.7941524982452,426.67,611.67,538.33
576.7963178157806,610.0,610.83,536.67
577.7981832027435,610.0,610.83,536.67
578.8012399673462,426.67,611.67,538.33
579.802318572998,426.67,611.67,538.33
580.8048622608185,611.67,611.67,538.33
581.8063898086548,610.83,610.83,537.5
582.8077664375305,610.0,610.83,537.5
583.8099446296692,610.0,610.83,537.5
584.8109335899353,610.83,610.83,536.67
585.8129050731659,610.0,610.83,537.5
586.814902305603,610.83,610.83,537.5
587.81591629982,610.0,610.83,537.5
588.818037033081,610.0,610.83,537.5
589.8192801475525,610.83,610.83,537.5
590.8212532997131,610.83,610.83,537.5
591.823352098465,610.83,610.83,537.5
592.8254158496857,610.83,610.83,537.5
593.8268406391144,610.83,610.83,537.5
594.8288378715515,610.83,610.83,537.5
595.8302707672119,610.83,610.83,537.5
596.8323247432709,610.83,610.83,537.5
597.8333210945129,610.83,610.83,536.67
598.8353486061096,610.0,610.0,536.67
599.8363969326019,610.0,610.0,536.67
600.838835477829,610.0,610.0,536.67
601.839989900589,610.83,610.83,537.5
602.8429651260376,610.83,610.83,537.5
603.8439540863037,610.0,610.0,536.67
604.8458836078644,610.0,610.0,536.67
605.8472838401794,610.0,610.0,536.67
606.8496966362,610.0,610.0,536.67
607.8517982959747,610.0,610.0,536.67
608.8538525104523,610.83,610.83,537.5
609.8568322658539,610.0,610.0,536.67
610.8587749004364,610.0,610.0,536.67
611.8603935241699,610.0,610.0,536.67
612.862813949585,610.0,610.0,536.67
613.8650860786438,610.0,610.0,536.67
614.867273569107,610.0,610.0,536.67
615.8696517944336,610.0,610.0,536.67
616.8721978664398,610.0,610.0,536.67
617.8737275600433,610.0,610.0,536.67
618.8768925666809,606.67,609.17,533.33
619.8788747787476,610.0,610.0,536.67
620.8799777030945,610.0,610.0,536.67
621.8820970058441,610.0,610.0,536.67
622.883064031601,610.0,610.0,536.67
623.8851728439331,606.67,610.0,536.67
624.8866407871246,606.67,609.17,533.33
625.8892464637756,606.67,609.17,533.33
626.8903520107269,606.67,609.17,533.33
627.892776966095,610.0,610.0,536.67
628.8929572105408,610.0,610.0,536.67
629.8960254192352,610.0,610.0,536.67
630.8969707489014,610.0,610.0,533.33
631.900075674057,609.17,609.17,535.83
632.9010457992554,609.17,609.17,533.33
633.9022614955902,606.67,609.17,533.33
634.9032521247864,606.67,609.17,533.33
635.9062204360962,606.67,609.17,533.33
636.9072012901306,610.0,610.0,536.67
637.9094903469086,606.67,610.0,533.33
638.9114451408386,606.67,609.17,535.83
639.913868188858,609.17,609.17,533.33
640.9150626659393,609.17,609.17,535.83
641.9160017967224,609.17,609.17,533.33
642.9176921844482,606.67,609.17,533.33
643.9196798801422,606.67,609.17,533.33
644.9217092990875,606.67,609.17,535.83
645.9232668876648,606.67,609.17,535.83
646.924923658371,609.17,609.17,535.83
647.9270114898682,609.17,609.17,535.83
648.9297013282776,609.17,609.17,533.33
649.9311244487762,609.17,609.17,533.33
650.9341371059418,609.17,609.17,535.83
651.9356741905212,609.17,609.17,535.83
652.938716173172,609.17,609.17,535.83
653.9400904178619,609.17,609.17,535.83
654.9427695274353,609.17,609.17,535.83
655.9448275566101,609.17,609.17,535.83
656.9479331970215,609.17,609.17,535.83
657.9500124454498,609.17,609.17,535.83
658.9512841701508,608.33,608.33,535.0
659.9537220001221,608.33,608.33,535.0
660.9557337760925,609.17,609.17,535.83
661.9568889141083,609.17,609.17,535.83
662.9599187374115,609.17,609.17,535.83
663.9608972072601,608.33,608.33,535.0
664.9627921581268,608.33,608.33,535.0
665.9640274047852,608.33,608.33,535.0
666.9663949012756,608.33,608.33,535.0
667.9679367542267,608.33,608.33,535.0
668.9698917865753,608.33,608.33,535.0
669.9708602428436,608.33,608.33,535.0
670.9730806350708,608.33,608.33,535.0
671.9743189811707,608.33,608.33,535.0
672.9767429828644,608.33,608.33,535.0
673.9783642292023,606.67,607.5,533.33
674.9807047843933,606.67,607.5,533.33
675.9811081886292,608.33,608.33,535.0
676.9835329055786,608.33,608.33,535.0
677.9848129749298,608.33,608.33,535.0
678.9877245426178,607.5,607.5,533.33
679.9881529808044,607.5,607.5,533.33
680.9905679225922,607.5,607.5,533.33
681.991607427597,607.5,607.5,533.33
682.9948666095734,607.5,607.5,533.33
683.9948465824127,607.5,607.5,533.33
684.9979391098022,607.5,607.5,534.17
685.9995713233948,607.5,607.5,534.17
687.0007002353668,606.67,606.67,533.33
688.0017087459564,606.67,606.67,533.33
689.0046815872192,607.5,607.5,533.33
690.0067489147186,607.5,607.5,534.17
691.0086481571198,607.5,607.5,534.17
692.0108165740967,607.5,607.5,534.17
693.0137786865234,606.67,606.67,533.33
694.0159447193146,606.67,606.67,533.33
695.0179052352905,606.67,606.67,533.33
696.0199060440063,606.67,606.67,533.33
697.0219502449036,606.67,606.67,533.33
698.0250356197357,606.67,606.67,533.33
699.0264601707458,606.67,606.67,533.33
700.0296249389648,606.67,606.67,533.33
701.0316867828369,606.67,606.67,533.33
702.0339362621307,606.67,606.67,533.33
703.0344042778015,606.67,606.67,533.33
704.0371890068054,606.67,606.67,533.33
705.0376143455505,600.0,605.83,533.33
706.0406510829926,600.0,605.83,533.33
707.0415568351746,600.0,605.83,533.33
708.0436763763428,600.0,605.83,533.33
709.0446584224701,600.0,605.83,533.33
710.0476975440979,600.0,606.67,533.33
711.0486748218536,605.83,605.83,533.33
712.051187992096,605.83,605.83,533.33
713.0516123771667,605.83,605.83,533.33
714.0548450946808,605.83,605.83,533.33
715.055483341217,605.83,605.83,533.33
716.0576460361481,600.0,605.83,533.33
717.0587887763977,605.83,605.83,533.33
718.0614895820618,605.83,605.83,552.5
719.0628411769867,605.83,605.83,552.5
720.0640833377838,605.83,605.83,552.5
721.0655086040497,605.0,605.0,551.67
722.0682981014252,605.83,605.83,533.33
723.0695405006409,605.83,605.83,533.33
724.0715579986572,605.83,605.83,552.5
725.0724451541901,605.0,605.83,552.5
726.0744607448578,605.83,605.83,552.5
727.0766303539276,605.0,605.0,551.67
728.0784397125244,605.0,605.0,551.67
729.0799460411072,605.0,605.0,551.67
730.081939458847,605.0,605.0,551.67
731.0844144821167,605.0,605.0,551.67
732.086621761322,605.0,605.0,551.67
733.0885920524597,605.0,605.0,551.67
734.0905933380127,605.0,605.0,551.67
735.0928325653076,605.0,605.0,551.67
736.0958316326141,605.0,605.0,551.67
737.0977654457092,605.0,605.0,551.67
738.1000094413757,605.0,605.0,551.67
739.1014530658722,605.0,605.0,551.67
740.1044936180115,605.0,605.0,551.67
741.1065940856934,605.0,605.0,551.67
742.1095468997955,605.0,605.0,551.67
743.1105935573578,605.0,605.0,551.67
744.1118769645691,605.0,605.0,551.67
745.1143012046814,605.0,605.0,551.67
746.1161081790924,604.17,604.17,550.0
747.1176013946533,603.33,604.17,550.0
748.1190164089203,603.33,604.17,550.83
749.121438741684,603.33,604.17,550.0
750.1229031085968,603.33,604.17,550.0
751.1254413127899,605.0,605.0,551.67
752.1266729831696,603.33,605.0,551.67
753.1287260055542,604.17,604.17,550.0
754.1297409534454,604.17,604.17,550.0
755.1319949626923,604.17,604.17,550.0
756.1324193477631,604.17,604.17,550.0
757.1352806091309,604.17,604.17,550.0
758.1363861560822,604.17,604.17,550.0
759.1386313438416,604.17,604.17,550.0
760.1398017406464,604.17,604.17,550.0
761.1419224739075,604.17,604.17,550.83
762.1429307460785,603.33,603.33,550.0
763.1454467773438,603.33,603.33,550.0
764.146665096283,604.17,604.17,550.0
765.1498572826385,604.17,604.17,550.0
766.1508939266205,604.17,604.17,550.83
767.1529414653778,604.17,604.17,550.83
768.1533796787262,603.33,603.33,550.0
769.1553411483765,603.33,603.33,550.0
770.1573209762573,603.33,603.33,550.0
771.1593687534332,603.33,603.33,550.0
772.161452293396,604.17,604.17,550.83
773.1636536121368,603.33,603.33,550.0
774.1657645702362,603.33,603.33,550.0
775.1688125133514,603.33,603.33,550.0
776.171053647995,603.33,603.33,550.0
777.1724770069122,603.33,603.33,550.0
778.1755740642548,603.33,603.33,550.0
779.1776361465454,603.33,603.33,550.0
780.179696559906,603.33,603.33,550.0
781.1816651821136,603.33,603.33,550.0
782.1837136745453,603.33,603.33,550.0
783.1865322589874,603.33,603.33,550.0
784.1885130405426,603.33,603.33,550.0
785.1895830631256,603.33,603.33,550.0
786.1917064189911,603.33,603.33,550.0
787.1934101581573,603.33,603.33,550.0
788.19553565979,603.33,603.33,550.0
789.1971769332886,603.33,603.33,550.0
790.1993169784546,603.33,603.33,550.0
791.2004432678223,603.33,603.33,550.0
792.2025272846222,603.33,603.33,550.0
793.2035708427429,603.33,603.33,550.0
794.2055599689484,603.33,603.33,550.0
795.2066020965576,603.33,603.33,550.0
796.2088251113892,603.33,603.33,550.0
797.2104604244232,603.33,603.33,550.0
798.2126717567444,603.33,603.33,550.0
799.2138583660126,603.33,603.33,550.0
800.2161829471588,603.33,603.33,550.0
801.2179789543152,603.33,603.33,550.0
802.2197213172913,603.33,603.33,550.0
803.2208964824677,600.0,602.5,547.5
804.2223362922668,600.0,602.5,547.5
805.2243375778198,603.33,603.33,550.0
806.2257647514343,603.33,603.33,550.0
807.2283072471619,603.33,603.33,550.0
808.2302830219269,603.33,603.33,550.0
809.2313239574432,603.33,603.33,550.0
810.2346441745758,600.0,602.5,547.5
811.2347455024719,600.0,602.5,547.5
812.2368052005768,603.33,603.33,550.0
813.239251613617,603.33,603.33,550.0
814.2412476539612,603.33,603.33,550.0
815.2437002658844,602.5,602.5,546.67
816.2457296848297,600.0,602.5,546.67
817.2477731704712,603.33,603.33,550.0
818.250214099884,603.33,603.33,550.0
819.2523140907288,603.33,603.33,550.0
820.2552804946899,602.5,602.5,546.67
821.2574019432068,602.5,602.5,546.67
822.2596025466919,602.5,602.5,547.5
823.2611863613129,603.33,603.33,550.0
824.2636635303497,602.5,602.5,546.67
825.2660415172577,602.5,602.5,546.67
826.2674942016602,602.5,602.5,546.67
827.269969701767,600.0,602.5,546.67
828.2704668045044,600.0,603.33,550.0
829.2726299762726,602.5,602.5,546.67
830.2737505435944,602.5,602.5,546.67
831.2761733531952,602.5,602.5,546.67
832.2774171829224,600.0,602.5,546.67
833.2802817821503,600.0,602.5,546.67
834.2804484367371,602.5,602.5,546.67
835.2827143669128,602.5,602.5,546.67
836.284218788147,602.5,602.5,546.67
837.2873275279999,602.5,602.5,546.67
838.2878043651581,600.0,602.5,546.67
839.2902369499207,602.5,602.5,546.67
840.2911958694458,602.5,602.5,546.67
841.2943158149719,602.5,602.5,546.67
842.2945647239685,601.67,601.67,546.67
843.2968249320984,602.5,602.5,546.67
844.2982647418976,602.5,602.5,546.67
845.3006794452667,602.5,602.5,546.67
846.3021032810211,602.5,602.5,546.67
847.3035299777985,602.5,602.5,546.67
848.3051021099091,602.5,602.5,546.67
849.3071279525757,602.5,602.5,546.67
850.3090689182281,602.5,602.5,546.67
851.3109591007233,602.5,602.5,546.67
852.3122472763062,602.5,602.5,546.67
853.3136727809906,602.5,602.5,546.67
854.3167459964752,602.5,602.5,546.67
855.3191690444946,602.5,602.5,546.67
856.3211860656738,602.5,602.5,546.67
857.3233404159546,602.5,602.5,546.67
858.3259854316711,601.67,601.67,546.67
859.3275153636932,602.5,602.5,546.67
860.3305885791779,602.5,602.5,546.67
861.3327260017395,602.5,602.5,549.17
862.334150314331,601.67,601.67,546.67
863.3364095687866,602.5,602.5,546.67
864.3394169807434,602.5,602.5,546.67
865.3414022922516,601.67,602.5,549.17
866.3441281318665,601.67,601.67,548.33
867.3453176021576,601.67,601.67,546.67
868.347275018692,601.67,601.67,546.67
869.3482763767242,601.67,601.67,548.33
870.3503890037537,601.67,601.67,548.33
871.3523972034454,601.67,601.67,548.33
872.3533425331116,601.67,601.67,548.33
873.3545560836792,601.67,601.67,548.33
874.3575353622437,601.67,601.67,548.33
875.3588626384735,601.67,601.67,548.33
876.3600952625275,601.67,601.67,548.33
877.3622272014618,601.67,601.67,548.33
878.3643288612366,601.67,601.67,548.33
879.365306854248,601.67,601.67,548.33
880.3675637245178,601.67,601.67,548.33
881.369035243988,601.67,601.67,548.33
882.3703937530518,601.67,601.67,548.33
883.3723900318146,601.67,601.67,548.33
884.3745255470276,601.67,601.67,548.33
885.3757882118225,601.67,601.67,548.33
886.3782160282135,601.67,601.67,548.33
887.3791723251343,601.67,601.67,548.33
888.3811905384064,601.67,601.67,548.33
889.3822114467621,601.67,601.67,548.33
890.3851997852325,601.67,601.67,548.33
891.3864772319794,601.67,601.67,548.33
892.3885371685028,601.67,601.67,548.33
893.3889608383179,601.67,601.67,548.33
894.3921132087708,601.67,601.67,548.33
895.3935136795044,601.67,601.67,548.33
896.3965888023376,601.67,601.67,548.33
897.3987426757812,601.67,601.67,548.33
898.4011676311493,601.67,601.67,548.33
899.4031517505646,601.67,601.67,548.33
900.4051232337952,601.67,601.67,548.33
901.4071860313416,601.67,601.67,548.33
902.4102194309235,601.67,601.67,548.33
903.4121940135956,601.67,601.67,548.33
904.4144325256348,601.67,601.67,548.33
905.4166688919067,601.67,601.67,548.33
906.419093132019,601.67,601.67,548.33
907.4211940765381,601.67,601.67,548.33
908.4224925041199,601.67,601.67,548.33
909.4245641231537,601.67,601.67,548.33
910.4259879589081,601.67,601.67,548.33
911.4280970096588,601.67,601.67,548.33
912.4290597438812,601.67,601.67,548.33
913.4310436248779,601.67,601.67,548.33
914.4320452213287,601.67,601.67,548.33
915.4350290298462,601.67,601.67,548.33
916.4362018108368,601.67,601.67,548.33
917.4381992816925,601.67,601.67,548.33
918.4393291473389,601.67,601.67,548.33
919.4411346912384,601.67,601.67,548.33
920.4431114196777,601.67,601.67,548.33
921.4452731609344,601.67,601.67,548.33
922.4462788105011,601.67,601.67,548.33
923.4482781887054,601.67,601.67,548.33
924.4502758979797,601.67,601.67,548.33
925.4522790908813,601.67,601.67,548.33
926.4532568454742,601.67,601.67,548.33
927.4550189971924,601.67,601.67,548.33
928.4564518928528,601.67,601.67,548.33
929.4585301876068,601.67,601.67,548.33
930.4599645137787,601.67,601.67,548.33
931.4629435539246,601.67,601.67,548.33
932.463996887207,601.67,601.67,548.33
933.4658758640289,601.67,601.67,548.33
934.4673311710358,601.67,601.67,548.33
935.4693875312805,601.67,601.67,548.33
936.4714210033417,601.67,601.67,548.33
937.4735674858093,600.0,601.67,548.33
938.4759910106659,600.83,600.83,547.5
939.4780704975128,600.0,600.83,547.5
940.4803121089935,601.67,601.67,548.33
941.4824874401093,601.67,601.67,548.33
942.4849135875702,600.0,601.67,548.33
943.4871706962585,600.0,600.83,546.67
944.48921251297,600.0,600.83,547.5
945.4917049407959,601.67,601.67,548.33
946.4941532611847,601.67,601.67,548.33
947.4965898990631,600.83,600.83,546.67
948.4986097812653,600.83,600.83,546.67
949.5001347064972,600.83,600.83,546.67
950.5023424625397,600.83,600.83,547.5
951.5035433769226,601.67,601.67,548.33
952.5048751831055,601.67,601.67,548.33
953.5065774917603,601.67,601.67,548.33
954.5085878372192,600.0,601.67,548.33
955.5094883441925,600.0,600.83,547.5
956.5118126869202,601.67,601.67,548.33
957.5142350196838,601.67,601.67,548.33
958.5154764652252,601.67,601.67,548.33
959.5169012546539,601.67,601.67,548.33
960.5192427635193,600.0,601.67,548.33
961.5203256607056,600.83,600.83,546.67
962.5232887268066,600.83,600.83,546.67
963.5234363079071,600.0,600.83,547.5
964.5258603096008,600.83,600.83,547.5
965.527140378952,600.83,600.83,547.5
966.5301384925842,600.83,600.83,546.67
967.5310344696045,600.0,600.83,546.67
968.5328540802002,600.83,600.83,546.67
969.5339324474335,600.83,600.83,546.67
970.5369212627411,600.83,600.83,546.67
971.5380001068115,600.83,600.83,546.67
972.5399923324585,600.83,600.83,546.67
973.541008234024,601.67,601.67,548.33
974.5432422161102,600.83,600.83,546.67
975.5441601276398,600.83,600.83,546.67
976.5462703704834,600.83,600.83,546.67
977.5492262840271,600.83,600.83,546.67
978.5511314868927,600.83,600.83,546.67
979.5533559322357,600.0,601.67,548.33
980.5558378696442,600.83,600.83,546.67
981.557886838913,600.83,600.83,546.67
982.5598528385162,600.83,600.83,546.67
983.5626220703125,600.83,600.83,547.5
984.5650503635406,600.83,600.83,546.67
985.5673379898071,600.83,600.83,546.67
986.5697014331818,600.83,600.83,546.67
987.5718455314636,600.83,600.83,546.67
988.5738050937653,600.83,600.83,546.67
989.575855255127,600.83,600.83,546.67
990.5768792629242,600.83,600.83,546.67
991.579868555069,601.67,601.67,548.33
992.5808079242706,600.83,600.83,546.67
993.5833101272583,600.83,600.83,546.67
994.5841267108917,600.83,600.83,546.67
995.5869469642639,600.83,600.83,546.67
996.5879416465759,600.83,600.83,546.67
997.5900044441223,600.83,600.83,546.67
998.5912435054779,600.83,600.83,546.67
999.5932877063751,600.83,600.83,546.67
1000.5947217941284,600.83,600.83,546.67
1001.5968933105469,600.83,600.83,546.67
1002.5978162288666,600.83,600.83,547.5
1003.6004519462585,600.83,600.83,546.67
1004.6008892059326,600.83,600.83,546.67
1005.6038715839386,600.83,600.83,546.67
1006.6051332950592,600.83,600.83,546.67
1007.6070818901062,600.83,600.83,546.67
1008.6080598831177,600.83,600.83,546.67
1009.6102221012115,600.83,600.83,546.67
1010.6121954917908,600.83,600.83,546.67
1011.6140487194061,600.83,600.83,546.67
1012.6154515743256,600.83,600.83,546.67
1013.6171548366547,600.83,600.83,546.67
1014.6185913085938,600.83,600.83,546.67
1015.6208107471466,600.83,600.83,546.67
1016.6219594478607,600.83,600.83,546.67
1017.6239612102509,600.83,600.83,546.67
1018.6271750926971,600.83,600.83,546.67
1019.6291701793671,600.83,600.83,546.67
1020.6312026977539,600.83,600.83,546.67
1021.6333701610565,600.83,600.83,546.67
1022.6357939243317,600.83,600.83,546.67
1023.6377506256104,600.83,600.83,546.67
1024.6403307914734,600.83,600.83,546.67
1025.6427359580994,600.83,600.83,546.67
1026.6449391841888,600.83,600.83,546.67
1027.6471064090729,600.83,600.83,546.67
1028.648502111435,600.83,600.83,546.67
1029.6509244441986,600.83,600.83,546.67
1030.6529066562653,600.83,600.83,546.67
1031.6542735099792,600.83,600.83,546.67
1032.6566829681396,600.83,600.83,546.67
1033.6579735279083,600.83,600.83,546.67
1034.660181760788,600.83,600.83,546.67
1035.6613285541534,600.83,600.83,546.67
1036.6637506484985,600.0,600.83,546.67
1037.6652064323425,600.83,600.83,546.67
1038.667641878128,600.83,600.83,546.67
1039.6688270568848,600.83,600.83,546.67
1040.6709003448486,600.83,600.83,546.67
1041.6721229553223,600.83,600.83,546.67
1042.6739766597748,600.83,600.83,546.67
1043.675036907196,600.83,600.83,546.67
1044.6778650283813,600.83,600.83,546.67
1045.6783964633942,600.83,600.83,546.67
1046.68071103096,600.83,600.83,546.67
1047.6822810173035,600.83,600.83,546.67
1048.6845517158508,600.83,600.83,546.67
1049.685317993164,600.83,600.83,546.67
1050.6880490779877,600.83,600.83,546.67
1051.6895785331726,600.83,600.83,546.67
1052.6910026073456,600.83,600.83,546.67
1053.6920237541199,600.83,600.83,546.67
1054.6951870918274,600.0,600.83,547.5
1055.6956260204315,600.0,600.0,546.67
1056.699066400528,600.0,600.0,546.67
1057.700486421585,600.0,600.0,546.67
1058.701188325882,600.83,600.83,546.67
1059.7046113014221,600.83,600.83,546.67
1060.7060883045197,600.0,600.83,547.5
1061.709067106247,600.0,600.0,546.67
1062.711076259613,600.0,600.0,546.67
1063.712500333786,600.0,600.0,546.67
1064.7145767211914,600.0,600.0,546.67
1065.7177994251251,600.0,600.83,547.5
1066.7199726104736,600.0,600.0,546.67
1067.7221026420593,600.0,600.0,546.67
1068.7241170406342,600.0,600.0,546.67
1069.7265405654907,600.0,600.0,546.67
1070.7286999225616,600.0,600.0,546.67
1071.7306606769562,600.0,600.83,547.5
1072.7324769496918,600.0,600.0,546.67
1073.7339210510254,600.0,600.0,546.67
1074.7355506420135,600.0,600.0,546.67
1075.7375025749207,600.0,600.0,546.67
1076.7394843101501,600.0,600.0,546.67
1077.7409918308258,600.0,600.0,546.67
1078.7424159049988,600.0,600.83,547.5
1079.7453525066376,600.0,600.83,547.5
1080.7460224628448,600.0,600.0,546.67
1081.7480762004852,600.83,600.83,546.67
1082.7493975162506,600.83,600.83,546.67
1083.7511475086212,600.83,600.83,546.67
1084.7528240680695,600.83,600.83,546.67
1085.7546515464783,600.0,600.83,546.67
1086.7562804222107,600.83,600.83,546.67
1087.7585849761963,600.83,600.83,546.67
1088.7593820095062,600.83,600.83,546.67
1089.7621052265167,600.83,600.83,546.67
1090.7630608081818,600.83,600.83,546.67
1091.764847278595,600.83,600.83,546.67
1092.7664422988892,600.0,601.67,548.33
1093.7685446739197,600.83,600.83,546.67
1094.7699325084686,600.83,600.83,546.67
1095.7725462913513,600.83,600.83,546.67
1096.773146867752,600.83,600.83,546.67
1097.7755043506622,600.83,600.83,546.67
1098.7764461040497,600.83,600.83,546.67
1099.7790660858154,600.0,600.0,546.67
1100.7814795970917,600.0,600.0,546.67
1101.7841079235077,599.17,599.17,540.83
1102.785973072052,586.67,599.17,540.83
1103.7883381843567,600.0,600.0,546.67
1104.7898619174957,600.0,600.0,546.67
1105.792696237564,586.67,600.0,546.67
1106.7950282096863,600.0,600.0,546.67
1107.7971138954163,600.0,600.0,546.67
1108.7990429401398,600.0,600.0,546.67
1109.8020296096802,600.0,600.0,546.67
1110.8040416240692,600.0,600.0,546.67
1111.8057181835175,600.0,600.0,546.67
1112.8078796863556,600.0,600.0,546.67
1113.8097958564758,600.0,600.0,546.67
1114.811531305313,600.0,600.0,546.67
1115.8133401870728,600.0,600.0,546.67
1116.8155093193054,600.0,600.0,546.67
1117.8162257671356,600.0,600.0,546.67
1118.818657875061,600.0,600.0,546.67
1119.8196442127228,600.0,600.0,546.67
1120.821712255478,600.0,600.0,546.67
1121.8236792087555,600.0,600.0,546.67
1122.825582742691,600.0,600.0,546.67
1123.8267652988434,600.83,600.83,546.67
1124.8287959098816,600.0,600.0,546.67
1125.8299765586853,600.0,600.0,546.67
1126.8325057029724,600.0,600.0,546.67
1127.8339462280273,600.0,600.0,546.67
1128.835637807846,600.0,600.0,546.67
1129.8368952274323,600.0,600.0,546.67
1130.8391509056091,600.0,600.83,546.67
1131.8399789333344,600.83,600.83,547.5
1132.842976808548,600.83,600.83,547.5
1133.8440046310425,600.0,600.83,547.5
1134.8461174964905,600.0,600.0,546.67
1135.8475077152252,600.0,600.0,546.67
1136.8501420021057,600.0,601.67,548.33
1137.851472377777,601.67,601.67,546.67
1138.8529541492462,600.83,600.83,546.67
1139.8548369407654,600.83,609.17,534.17
1140.856597661972,640.0,660.83,447.5
1141.8590466976166,656.67,659.17,644.17
1142.8607861995697,646.67,648.33,435.0
1143.863340139389,648.33,648.33,435.0
1144.865063905716,648.33,648.33,435.0
1145.8684072494507,648.33,648.33,435.0
1146.8700037002563,648.33,648.33,435.0
1147.872706413269,649.17,649.17,435.0
1148.8740406036377,649.17,649.17,435.0
1149.8771193027496,649.17,649.17,435.0
1150.8792119026184,649.17,649.17,435.0
1151.881394147873,649.17,649.17,435.83
1152.8840901851654,650.0,650.0,433.33
1153.8861689567566,653.33,654.17,440.83
1154.8872647285461,650.0,650.0,433.33
1155.8891141414642,646.67,650.0,436.67
1156.8900780677795,640.0,640.0,640.0
1157.8924751281738,443.33,443.33,430.0
1158.8938465118408,215.83,215.83,268.33
1159.8959288597107,608.33,608.33,595.0
1160.8976616859436,606.67,606.67,593.33
1161.8997490406036,606.67,606.67,593.33
1162.900901556015,607.5,607.5,594.17
1163.9029569625854,607.5,607.5,593.33
1164.9045796394348,607.5,607.5,594.17
1165.9064331054688,607.5,607.5,594.17
1166.9077796936035,608.33,608.33,595.0
1167.9097397327423,606.67,606.67,595.0
1168.9109790325165,608.33,608.33,595.0
1169.9137165546417,608.33,608.33,593.33
1170.9144101142883,242.5,242.5,216.67
1171.9175329208374,666.67,666.67,666.67
1172.9183826446533,586.67,586.67,586.67
1173.9203612804413,53.33,53.33,53.33
1174.9208354949951,0.0,0.0,0.0
1175.9239909648895,653.33,640.0,640.0
1176.9251782894135,680.0,680.0,666.67
1177.9273059368134,680.0,653.33,653.33
1178.9285032749176,675.0,675.0,641.67
1179.930814743042,653.33,653.33,655.0
1180.9321954250336,653.33,682.5,668.33
1181.9344954490662,640.0,653.33,653.33
1182.936107635498,669.17,682.5,653.33
1183.9389734268188,669.17,682.5,655.83
1184.9411540031433,670.0,683.33,653.33
1185.9428029060364,670.0,683.33,653.33
1186.945110321045,670.0,683.33,653.33
1187.948081254959,670.0,683.33,653.33
1188.9494342803955,670.0,683.33,653.33
1189.952372789383,670.0,683.33,653.33
1190.9549899101257,670.0,683.33,653.33
1191.9565539360046,670.0,683.33,653.33
1192.958734035492,670.0,683.33,653.33
1193.9614870548248,670.0,683.33,653.33
1194.9631171226501,670.0,683.33,653.33
1195.9643595218658,668.33,682.5,655.0
1196.9672977924347,668.33,682.5,655.0
1197.9676864147186,668.33,682.5,655.0
1198.9705684185028,668.33,682.5,655.0
1199.9715161323547,670.0,683.33,653.33
1200.9739949703217,670.0,683.33,653.33
1201.9751842021942,670.0,683.33,653.33
1202.9771611690521,670.0,683.33,653.33
1203.978444814682,670.0,683.33,653.33
1204.980500459671,667.5,682.5,654.17
1205.9812376499176,666.67,680.83,653.33
1206.9837555885315,666.67,680.83,653.33
1207.9846007823944,666.67,680.83,654.17
1208.9871912002563,666.67,680.0,653.33
1209.9890322685242,667.5,680.83,654.17
1210.9904472827911,667.5,680.83,654.17
1211.9927740097046,666.67,680.83,653.33
1212.9943809509277,666.67,680.0,653.33
1213.9953229427338,666.67,680.0,653.33
1214.9976048469543,666.67,680.0,653.33
1215.9990174770355,666.67,680.0,653.33
1217.0011653900146,666.67,680.0,653.33
1218.0026268959045,666.67,680.0,653.33
1219.0050992965698,666.67,680.0,653.33
1220.0065705776215,666.67,680.83,653.33
1221.0080778598785,666.67,680.0,653.33
1222.009239435196,666.67,680.0,653.33
1223.0115406513214,666.67,680.0,653.33
1224.0139684677124,666.67,680.0,653.33
1225.0165836811066,666.67,680.0,653.33
1226.018215417862,666.67,680.0,653.33
1227.0208654403687,666.67,680.0,653.33
1228.0227298736572,666.67,680.83,653.33
1229.0255329608917,666.67,680.83,653.33
1230.0272607803345,666.67,680.0,653.33
1231.0295140743256,666.67,680.0,653.33
1232.0315601825714,666.67,680.0,653.33
1233.0344941616058,666.67,680.0,653.33
1234.036378622055,666.67,680.83,653.33
1235.0388083457947,666.67,680.83,653.33
1236.0409078598022,666.67,680.0,653.33
1237.0418484210968,666.67,680.0,653.33
1238.044364452362,666.67,680.0,653.33
1239.0454199314117,666.67,680.0,653.33
1240.0476112365723,666.67,680.0,653.33
1241.048790693283,666.67,680.0,653.33
1242.0512714385986,666.67,680.0,653.33
1243.051947593689,666.67,680.0,653.33
1244.054970741272,666.67,680.0,653.33
1245.055995941162,666.67,680.0,653.33
1246.0579953193665,666.67,680.0,653.33
1247.0596573352814,676.67,679.17,646.67
1248.0614318847656,675.83,679.17,646.67
1249.0626194477081,676.67,679.17,646.67
1250.0651423931122,675.83,679.17,646.67
1251.0659244060516,666.67,680.0,653.33
1252.0683424472809,676.67,679.17,646.67
1253.0695912837982,675.83,679.17,645.83
1254.0715909004211,675.83,679.17,645.83
1255.073537349701,675.83,679.17,645.83
1256.0758395195007,675.83,679.17,645.83
1257.07705616951,676.67,679.17,646.67
1258.0789127349854,676.67,679.17,646.67
1259.0802488327026,675.83,679.17,645.83
1260.0825107097626,675.83,679.17,645.83
1261.0834412574768,675.83,679.17,645.83
1262.0862023830414,675.83,679.17,645.83
1263.0869481563568,675.83,679.17,645.83
1264.089429616928,675.83,679.17,645.83
1265.0915956497192,675.83,679.17,645.83
1266.0936913490295,675.83,679.17,645.83
1267.0960478782654,675.83,679.17,645.83
1268.0984840393066,675.83,679.17,645.83
1269.100349187851,675.83,679.17,645.83
1270.1025681495667,675.83,679.17,645.83
1271.1049990653992,675.83,679.17,645.83
1272.106972694397,675.83,679.17,645.83
1273.10933303833,675.83,679.17,645.83
1274.1111319065094,675.0,678.33,645.0
1275.1140689849854,675.0,678.33,645.0
1276.1157920360565,675.0,678.33,645.0
1277.118304014206,675.0,678.33,645.0
1278.1198155879974,675.0,679.17,645.83
1279.1216418743134,675.0,678.33,645.0
1280.1232960224152,675.0,678.33,645.0
1281.1254308223724,675.0,678.33,645.0
1282.1260359287262,675.0,678.33,645.0
1283.1286132335663,675.0,678.33,645.0
1284.1295409202576,675.0,678.33,645.0
1285.132336616516,675.0,678.33,645.0
1286.1337342262268,675.0,679.17,645.0
1287.135184764862,675.0,678.33,645.0
1288.1372201442719,675.83,679.17,645.83
1289.139377117157,675.83,679.17,645.83
1290.1401920318604,675.83,679.17,645.83
1291.14337849617,675.0,679.17,645.83
1292.1442575454712,675.83,679.17,645.83
1293.1463968753815,675.83,679.17,646.67
1294.1477348804474,675.83,679.17,645.83
1295.1493678092957,675.83,679.17,645.83
1296.1509673595428,675.83,679.17,645.83
1297.1531953811646,675.83,679.17,645.83
1298.1543326377869,675.83,679.17,645.83
1299.156798839569,675.83,679.17,645.83
1300.157592535019,675.83,679.17,645.83
1301.160216331482,675.83,679.17,645.83
1302.1612722873688,675.83,679.17,645.83
1303.1631186008453,675.0,679.17,645.83
1304.1642363071442,675.0,679.17,645.83
1305.1667017936707,675.83,679.17,645.83
1306.1688871383667,675.0,679.17,645.83
1307.1718611717224,675.83,679.17,645.83
1308.1730499267578,675.0,679.17,645.0
1309.1753487586975,675.0,679.17,645.83
1310.1782476902008,675.0,679.17,645.83
1311.1803150177002,675.0,679.17,645.83
1312.1827566623688,675.83,679.17,645.83
1313.1847522258759,675.0,679.17,645.83
1314.1872634887695,675.0,679.17,645.83
1315.1894416809082,675.0,678.33,645.0
1316.190814256668,675.83,679.17,645.83
1317.1940126419067,675.83,679.17,645.83
1318.1958076953888,675.0,679.17,645.83
1319.1974139213562,675.0,679.17,645.0
1320.1988105773926,675.0,679.17,645.83
1321.2006103992462,675.0,678.33,645.0
1322.2027208805084,675.0,678.33,645.0
1323.2040085792542,675.0,679.17,645.83
1324.2060084342957,675.0,679.17,645.83
1325.207170009613,675.0,679.17,645.0
1326.2099704742432,675.0,679.17,645.0
1327.2110028266907,675.0,678.33,645.0
1328.213285446167,675.0,678.33,645.0
1329.2139508724213,675.0,678.33,645.0
1330.2171385288239,675.0,678.33,645.0
1331.2178525924683,675.0,678.33,645.0
1332.2202286720276,675.83,679.17,645.83
1333.221596956253,675.0,679.17,645.0
1334.2239308357239,675.0,678.33,645.0
1335.2247109413147,675.0,678.33,645.0
1336.2273664474487,675.0,678.33,645.0
1337.2276771068573,675.0,678.33,645.0
1338.2313947677612,675.0,679.17,645.83
1339.2313861846924,675.0,679.17,645.83
1340.2339081764221,675.0,679.17,645.0
1341.2351994514465,675.0,678.33,645.0
1342.237072944641,675.0,678.33,645.0
1343.2382760047913,675.0,678.33,645.0
1344.2410726547241,675.0,678.33,645.0
1345.2420120239258,675.0,679.17,645.83
1346.2438769340515,675.0,678.33,645.0
1347.2461996078491,674.17,677.5,643.33
1348.2489955425262,674.17,677.5,643.33
1349.2507016658783,674.17,677.5,643.33
1350.2534821033478,674.17,677.5,643.33
1351.2553839683533,673.33,678.33,645.0
1352.257256269455,673.33,678.33,645.0
1353.259688615799,674.17,677.5,644.17
1354.261868238449,674.17,677.5,643.33
1355.2643404006958,673.33,678.33,645.0
1356.2666747570038,673.33,678.33,645.0
1357.269094467163,674.17,677.5,644.17
1358.2714738845825,674.17,677.5,644.17
1359.2735567092896,674.17,677.5,643.33
1360.2744977474213,675.0,678.33,645.0
1361.2773141860962,675.0,678.33,645.0
1362.2778096199036,673.33,678.33,643.33
1363.2806632518768,673.33,678.33,643.33
1364.2821378707886,674.17,677.5,643.33
1365.2837178707123,673.33,677.5,643.33
1366.2852275371552,674.17,677.5,643.33
1367.287019252777,674.17,677.5,643.33
1368.288512468338,675.0,678.33,645.0
1369.2904889583588,675.0,678.33,645.0
1370.292186498642,675.0,678.33,645.0
1371.2936916351318,673.33,678.33,645.0
1372.2951698303223,674.17,677.5,643.33
1373.2974586486816,674.17,677.5,643.33
1374.2993319034576,673.33,678.33,645.0
1375.3005249500275,675.0,678.33,645.0
1376.3022248744965,675.0,678.33,645.0
1377.304584980011,675.0,678.33,645.0
1378.3055965900421,675.0,678.33,645.0
1379.3083510398865,674.17,677.5,643.33
1380.3095099925995,673.33,677.5,643.33
1381.311756849289,673.33,677.5,643.33
1382.3130118846893,675.0,678.33,645.0
1383.3156838417053,675.0,678.33,645.0
1384.3161540031433,673.33,678.33,645.0
1385.3183562755585,674.17,677.5,643.33
1386.3195295333862,674.17,677.5,643.33
1387.3219599723816,673.33,677.5,643.33
1388.3238475322723,673.33,677.5,643.33
1389.326563835144,675.0,678.33,645.0
1390.328601360321,675.0,678.33,645.0
1391.331062555313,674.17,677.5,643.33
1392.3329257965088,674.17,677.5,643.33
1393.3353471755981,674.17,677.5,643.33
1394.3371484279633,673.33,677.5,643.33
1395.3399686813354,675.0,678.33,645.0
1396.3423101902008,675.0,678.33,645.0
1397.3440237045288,674.17,677.5,643.33
1398.346340894699,674.17,677.5,643.33
1399.3488838672638,673.33,677.5,643.33
1400.3513522148132,673.33,677.5,643.33
1401.3520636558533,675.0,678.33,645.0
1402.354397535324,675.0,678.33,645.0
1403.3556506633759,674.17,677.5,643.33
1404.3579452037811,674.17,677.5,643.33
1405.3588008880615,673.33,677.5,643.33
1406.3613767623901,673.33,677.5,643.33
1407.3621184825897,673.33,677.5,643.33
1408.3644349575043,673.33,677.5,643.33
1409.3656339645386,675.0,678.33,645.0
1410.3687138557434,675.0,678.33,645.0
1411.3690783977509,673.33,677.5,643.33
1412.3716020584106,673.33,677.5,643.33
1413.372926235199,673.33,677.5,643.33
1414.3752477169037,673.33,677.5,643.33
1415.3760197162628,675.0,678.33,645.0
1416.3782515525818,675.0,678.33,645.0
1417.380163192749,673.33,677.5,643.33
1418.3822371959686,673.33,677.5,643.33
1419.3835294246674,673.33,677.5,643.33
1420.3860173225403,673.33,677.5,643.33
1421.3868205547333,673.33,677.5,643.33
1422.3893520832062,673.33,677.5,643.33
1423.3906817436218,673.33,677.5,643.33
1424.39248919487,673.33,677.5,643.33
1425.394098997116,673.33,677.5,643.33
1426.395898103714,673.33,677.5,643.33
1427.3971359729767,673.33,677.5,643.33
1428.3989293575287,673.33,677.5,643.33
1429.4019961357117,673.33,677.5,643.33
1430.4036540985107,673.33,677.5,643.33
1431.4066591262817,673.33,677.5,643.33
1432.4087183475494,673.33,677.5,643.33
1433.410771369934,673.33,677.5,643.33
1434.4130373001099,673.33,677.5,643.33
1435.4149990081787,673.33,677.5,643.33
1436.4174890518188,673.33,677.5,643.33
1437.4200201034546,673.33,677.5,643.33
1438.4218938350677,673.33,677.5,643.33
1439.4243280887604,673.33,677.5,643.33
1440.426218509674,673.33,677.5,643.33
1441.4288625717163,673.33,677.5,643.33
1442.4295439720154,673.33,677.5,643.33
1443.43177485466,673.33,677.5,643.33
1444.4329488277435,673.33,677.5,643.33
1445.4348998069763,673.33,677.5,643.33
1446.4369094371796,673.33,676.67,643.33
1447.4384019374847,673.33,677.5,643.33
1448.4404301643372,673.33,677.5,643.33
1449.4426152706146,673.33,677.5,643.33
1450.4438478946686,673.33,677.5,643.33
1451.4455320835114,673.33,677.5,643.33
1452.4473485946655,673.33,677.5,643.33
1453.4495222568512,673.33,676.67,643.33
1454.4500262737274,673.33,676.67,643.33
1455.45277094841,673.33,676.67,643.33
1456.4541993141174,673.33,677.5,643.33
1457.456600189209,673.33,677.5,643.33
1458.4570655822754,673.33,677.5,643.33
1459.4597742557526,673.33,677.5,643.33
1460.4605236053467,673.33,676.67,643.33
1461.463655948639,673.33,676.67,643.33
1462.4641516208649,673.33,676.67,643.33
1463.4665575027466,673.33,676.67,643.33
1464.467227935791,673.33,676.67,643.33
1465.4699928760529,673.33,676.67,643.33
1466.4708440303802,673.33,676.67,643.33
1467.4738676548004,673.33,676.67,643.33
1468.4748907089233,673.33,676.67,643.33
1469.476580619812,673.33,676.67,643.33
1470.4793756008148,673.33,676.67,643.33
1471.4817497730255,673.33,676.67,643.33
1472.4831869602203,673.33,676.67,643.33
1473.4861969947815,673.33,676.67,643.33
1474.4882135391235,673.33,676.67,643.33
1475.4905002117157,673.33,676.67,643.33
1476.4924371242523,673.33,676.67,643.33
1477.494586467743,673.33,676.67,643.33
1478.496946811676,673.33,676.67,643.33
1479.4994575977325,673.33,676.67,643.33
1480.5012414455414,673.33,676.67,643.33
1481.5036878585815,673.33,676.67,643.33
1482.505856513977,673.33,676.67,643.33
1483.5073053836823,673.33,676.67,643.33
1484.5092175006866,673.33,676.67,643.33
1485.5104267597198,673.33,676.67,643.33
1486.5133867263794,673.33,676.67,643.33
1487.5145621299744,673.33,676.67,643.33
1488.5161213874817,673.33,676.67,643.33
1489.517469406128,674.17,675.83,640.83
1490.5196747779846,674.17,675.83,640.83
1491.5206487178802,673.33,676.67,643.33
1492.5236756801605,673.33,676.67,643.33
1493.5239911079407,673.33,676.67,643.33
1494.5271437168121,673.33,676.67,643.33
1495.527851343155,673.33,676.67,643.33
1496.5298020839691,673.33,676.67,643.33
1497.5314304828644,673.33,677.5,643.33
1498.5340461730957,673.33,677.5,643.33
1499.5345907211304,673.33,677.5,643.33
