Date,Temperature BMP,pressureBMP,altitudeBMP,Temperature DHT,Humidity DHT,Temperature LM
1574676756.6395502,24.909999,98586.882812,236.713394,24.2,44.0,22.460937
1574676789.6650395,24.92,98584.632812,236.90364,24.2,44.0,22.460937
1574676822.6909287,24.92,98584.265625,236.935348,24.2,44.0,22.460937
1574676855.717139,24.909999,98587.0625,236.69754,24.2,44.0,22.460937
1574676888.7436588,24.92,98584.09375,236.951202,24.2,44.0,22.460937
1574676921.7697034,24.909999,98582.835937,237.056884,24.2,45.0,22.460937
1574676954.7953866,24.899999,98583.007812,237.04367,24.2,45.0,22.460937
1574676987.8214183,24.909999,98583.539062,236.998764,24.1,45.0,22.460937
1574677020.8476534,24.909999,98582.484375,237.085952,24.2,45.0,22.460937
1574677053.8742554,24.909999,98583.546875,236.996109,24.2,44.0,22.460937
1574677086.9005876,24.909999,98584.242187,236.937988,24.2,45.0,22.460937
1574677119.9266353,24.909999,98583.539062,236.998764,24.2,45.0,22.460937
1574677152.9528968,24.909999,98584.070312,236.951202,24.2,44.0,22.460937
1574677185.97852,24.909999,98583.03125,237.04103,24.2,44.0,22.460937
1574677219.0046182,24.909999,98583.390625,237.009323,24.2,44.0,22.460937
1574677252.0309157,24.92,98585.328125,236.845504,24.2,44.0,22.460937
1574677285.0570135,24.92,98584.640625,236.90364,24.2,44.0,22.460937
1574677318.0831652,24.92,98585.15625,236.858718,24.2,44.0,22.460937
1574677351.1084764,24.92,98583.40625,237.009323,24.2,44.0,22.460937
1574677384.1351817,24.92,98583.757812,236.977615,24.2,44.0,22.460937
1574677417.160783,24.93,98582.203125,237.11238,24.2,44.0,22.460937
1574677450.18727,24.93,98581.5,237.170501,24.2,44.0,22.460937
1574677483.2133746,24.93,98581.125,237.202209,24.2,44.0,22.460937
1574677516.2389274,24.93,98578.851562,237.395095,24.2,45.0,22.460937
1574677549.2655716,24.94,98578.6875,237.410949,24.2,44.0,22.460937
1574677582.291614,24.94,98577.632812,237.500793,24.2,44.0,22.460937
1574677615.317582,24.94,98578.164062,237.455871,24.2,44.0,22.460937
1574677648.3432786,24.95,98578.890625,237.392456,24.2,44.0,22.460937
1574677681.3696215,24.95,98577.132812,237.54306,24.2,44.0,22.460937
1574677714.3953483,24.94,98575.703125,237.664611,24.2,44.0,22.460937
1574677747.4213035,24.94,98575.703125,237.664611,24.2,44.0,22.460937
1574677780.4476964,24.94,98575.34375,237.696319,24.2,44.0,21.972656
1574677813.4734817,24.94,98576.578125,237.590621,24.2,44.0,22.460937
1574677846.4995642,24.93,98576.039062,237.635543,24.2,44.0,22.460937
1574677879.5261102,24.93,98575.171875,237.709533,24.2,44.0,22.460937
1574677912.5517364,24.94,98574.117187,237.799362,24.2,44.0,22.460937
1574677945.578169,24.93,98574.289062,237.783508,24.2,44.0,22.460937
1574677978.6042974,24.93,98575.007812,237.722747,24.2,44.0,22.460937
1574678011.629653,24.93,98573.953125,237.812576,24.2,44.0,22.460937
1574678044.656223,24.93,98576.398437,237.603836,24.2,44.0,22.460937
1574678077.6820593,24.93,98576.40625,237.603836,24.2,44.0,22.460937
1574678110.7084658,24.94,98575.703125,237.664611,24.2,44.0,22.460937
1574678143.7345533,24.94,98575.875,237.635543,24.2,44.0,22.460937
1574678176.7605653,24.94,98575.367187,237.693679,24.299999,44.0,22.949218
1574678209.7866406,24.94,98575.703125,237.664611,24.2,44.0,22.460937
1574678242.8123019,24.94,98576.234375,237.619689,24.2,44.0,22.460937
1574678275.8383954,24.94,98575.703125,237.664611,24.2,44.0,22.460937
1574678308.8644247,24.94,98573.59375,237.844284,24.2,44.0,22.460937
1574678341.8905737,24.94,98573.59375,237.844284,24.2,44.0,22.460937
1574678374.9163308,24.94,98572.015625,237.979034,24.2,44.0,22.460937
1574678407.9430776,24.94,98573.609375,237.841644,24.2,44.0,22.460937
1574678440.9693289,24.94,98571.859375,237.992248,24.2,44.0,22.460937
1574678473.9946892,24.94,98571.859375,237.992248,24.2,44.0,22.460937
1574678507.0212038,24.94,98572.03125,237.976394,24.2,44.0,22.460937
1574678540.0473309,24.94,98572.546875,237.934127,24.2,44.0,22.460937
1574678573.0733688,24.93,98573.0625,237.889205,24.2,44.0,22.460937
1574678606.0994666,24.93,98573.429687,237.857498,24.2,44.0,22.949218
1574678639.1254964,24.94,98573.421875,237.857498,24.2,44.0,22.949218
1574678672.1513853,24.94,98572.554687,237.934127,24.2,44.0,22.460937
1574678705.1774075,24.94,98572.71875,237.918273,24.2,44.0,22.460937
1574678738.2033722,24.94,98574.296875,237.783508,24.2,44.0,22.460937
1574678771.2293594,24.94,98572.015625,237.979034,24.299999,44.0,22.460937
1574678804.255295,24.94,98571.835937,237.96318,24.2,44.0,22.460937
1574678837.2822542,24.94,98575.015625,237.722747,24.2,44.0,22.460937
1574678870.308261,24.94,98570.453125,238.11116,24.2,44.0,22.949218
1574678903.3343203,24.94,98570.273437,238.127014,24.299999,44.0,22.460937
1574678936.3601058,24.95,98569.242187,238.214202,24.2,44.0,22.460937
1574678969.3864768,24.959999,98569.078125,238.227416,24.2,44.0,22.460937
1574679002.412655,24.959999,98569.265625,238.211563,24.2,44.0,22.460937
1574679035.4382925,24.959999,98569.625,238.182495,24.299999,44.0,22.460937
1574679068.4644086,24.959999,98569.09375,238.227416,24.2,44.0,22.460937
1574679101.49063,24.959999,98568.40625,238.285537,24.2,44.0,22.460937
1574679134.5163426,24.969999,98569.8125,238.166641,24.2,44.0,22.460937
1574679167.5425305,24.969999,98570.148437,238.137573,24.299999,44.0,22.460937
1574679200.5693378,24.969999,98569.796875,238.166641,24.2,44.0,22.460937
1574679233.594831,25.069999,98571.78125,237.997543,24.399999,46.0,25.878906
1574679266.6213126,25.17,98572.507812,237.936767,24.5,45.0,26.367187
1574679299.6474147,25.12,98570.484375,238.108505,24.5,44.0,23.925781
1574679332.6732516,25.1,98569.898437,238.158721,24.399999,44.0,23.4375
1574679365.6992579,25.079999,98572.320312,237.952621,24.5,44.0,22.949218
1574679398.7252889,25.069999,98572.820312,237.910339,24.399999,44.0,22.949218
1574679431.7513585,25.069999,98571.421875,238.029251,24.399999,44.0,22.949218
1574679464.7776573,25.069999,98572.289062,237.955261,24.299999,44.0,22.949218
1574679497.8039255,25.069999,98572.296875,237.955261,24.299999,44.0,22.949218
1574679530.8306096,25.059999,98570.351562,238.119079,24.299999,44.0,22.949218
1574679563.8563883,25.04,98569.078125,238.227416,24.2,44.0,22.460937
1574679596.8824992,25.04,98567.84375,238.333099,24.299999,44.0,22.460937
1574679629.9084463,25.03,98567.84375,238.333099,24.2,44.0,22.460937
1574679662.934856,25.03,98567.3125,238.378021,24.2,44.0,22.460937
1574679695.9603918,25.02,98568.359375,238.288192,24.299999,44.0,22.460937
1574679728.9862454,25.01,98567.09375,238.396514,24.2,44.0,22.949218
1574679762.0124698,25.0,98566.90625,238.412368,24.2,44.0,22.460937
1574679795.0384443,25.0,98566.742187,238.428222,24.2,44.0,22.460937
1574679828.0653024,24.989999,98566.71875,238.428222,24.1,44.0,22.460937
1574679861.0906017,25.0,98567.265625,238.383316,24.2,44.0,22.460937
1574679894.1164849,24.989999,98566.015625,238.488998,24.2,44.0,22.460937
1574679927.1424997,24.989999,98566.539062,238.444076,24.2,44.0,22.460937
1574679960.1687489,25.0,98567.078125,238.399169,24.2,44.0,22.460937
1574679993.1949744,25.0,98566.75,238.425582,24.2,44.0,22.460937
1574680026.2207215,25.0,98567.445312,238.367462,24.2,44.0,22.949218
1574680059.247338,24.989999,98566.71875,238.428222,24.2,44.0,22.949218
1574680092.2733235,24.989999,98565.828125,238.504852,24.2,44.0,22.460937
1574680125.2995682,24.989999,98564.953125,238.578842,24.2,44.0,22.460937
1574680158.3253677,24.989999,98565.671875,238.518066,24.2,44.0,22.460937
1574680191.3511915,24.979999,98565.296875,238.549774,24.2,44.0,22.460937
1574680224.3779893,24.979999,98563.3125,238.718872,24.2,44.0,22.460937
1574680257.4033988,24.969999,98565.234375,238.555053,24.2,45.0,22.460937
1574680290.4291923,24.959999,98568.21875,238.301391,24.2,45.0,22.460937
1574680323.456258,24.959999,98565.046875,238.570907,24.2,45.0,22.460937
1574680356.4824588,24.95,98566.265625,238.467864,24.1,45.0,22.460937
1574680389.5084407,24.94,98566.59375,238.438796,24.1,45.0,22.460937
1574680422.5343723,24.94,98566.921875,238.412368,24.1,45.0,22.460937
1574680455.5603592,24.94,98569.921875,238.156066,24.1,45.0,22.460937
1574680488.5862992,24.94,98569.734375,238.17192,24.1,45.0,22.460937
1574680521.6123285,24.93,98567.109375,238.396514,24.2,45.0,22.460937
1574680554.638525,24.93,98567.453125,238.367462,24.1,45.0,22.460937
1574680587.6654978,24.909999,98567.59375,238.354248,24.1,45.0,22.460937
1574680620.6914666,24.899999,98566.671875,238.433517,24.0,45.0,22.460937
1574680653.7172487,24.889999,98566.328125,238.46257,24.1,44.0,22.460937
1574680686.7429998,24.879999,98569.46875,238.195709,24.1,45.0,22.460937
1574680719.7695954,24.87,98565.9375,238.496932,24.0,45.0,22.460937
1574680752.7950869,24.87,98565.75,238.512786,24.1,45.0,22.460937
1574680785.8208697,24.86,98569.421875,238.198348,24.0,45.0,22.460937
1574680818.8470201,24.86,98569.765625,238.169281,24.1,45.0,22.460937
1574680851.873232,24.85,98570.273437,238.127014,24.1,45.0,22.460937
1574680884.8992493,24.85,98576.21875,237.619689,24.0,45.0,22.460937
1574680917.9250827,24.84,98572.171875,237.965835,24.0,45.0,22.460937
1574680950.9517345,24.84,98575.65625,237.667251,24.1,45.0,22.460937
1574680983.9775097,24.829999,98573.898437,237.817855,24.1,44.0,22.460937
1574681017.0041082,24.829999,98573.015625,237.894485,24.0,45.0,22.460937
1574681050.0303473,24.84,98571.984375,237.981689,24.0,45.0,22.460937
1574681083.056452,24.84,98571.828125,237.994888,24.1,45.0,22.460937
1574681116.0823278,24.84,98570.242187,238.129653,24.0,45.0,22.460937
1574681149.107607,24.84,98569.367187,238.203628,24.1,45.0,22.460937
1574681182.1338694,24.84,98571.28125,238.03981,24.1,45.0,22.460937
1574681215.160573,24.829999,98570.570312,238.100585,24.0,45.0,22.460937
1574681248.1866639,24.86,98571.359375,238.03453,24.2,45.0,22.460937
1574681281.2125816,24.85,98569.90625,238.158721,24.1,45.0,22.460937
1574681314.2383657,24.829999,98568.984375,238.235336,24.1,45.0,22.460937
1574681347.2645776,24.829999,98568.460937,238.280258,24.1,45.0,22.460937
1574681380.2911024,24.829999,98570.046875,238.145507,24.1,45.0,22.460937
1574681413.317309,24.829999,98566.898437,238.415023,24.1,45.0,22.460937
1574681446.343055,24.829999,98570.03125,238.148147,24.1,45.0,22.460937
1574681479.3688703,24.829999,98566.546875,238.444076,24.1,45.0,22.460937
1574681512.3953993,24.829999,98566.0,238.491638,24.1,45.0,22.460937
1574681545.4213018,24.829999,98567.765625,238.341033,24.1,45.0,21.972656
1574681578.4471498,24.84,98570.40625,238.116439,24.1,45.0,21.972656
1574681611.4739306,24.84,98570.0625,238.145507,24.1,45.0,22.460937
1574681644.4989927,24.84,98567.78125,238.338394,24.1,45.0,22.460937
1574681677.5250902,24.84,98569.351562,238.203628,24.1,45.0,22.460937
1574681710.5521848,25.28,98570.96875,238.066238,24.5,45.0,22.949218
1574681743.578047,25.799999,98571.5625,238.016036,25.2,43.0,23.4375
1574681776.6037614,26.11,98572.0625,237.973754,25.7,41.0,23.4375
1574681809.6301138,26.389999,98569.3125,238.208923,26.1,41.0,23.4375
1574681842.6558728,26.569999,98568.671875,238.261764,26.399999,40.0,23.925781
1574681875.6830347,26.76,98568.9375,238.240631,26.7,39.0,23.925781
1574681908.708281,26.899999,98568.234375,238.301391,26.7,38.0,24.414062
1574681941.7348237,26.85,98568.726562,238.259124,26.7,39.0,23.925781
1574681974.7615342,26.989999,98568.171875,238.306686,26.7,38.0,24.414062
1574682007.786749,27.079999,98569.0,238.235336,26.899999,38.0,24.414062
1574682040.8142076,27.04,98568.9375,238.240631,26.799999,38.0,23.925781
1574682073.839324,27.059999,98567.882812,238.330459,26.799999,38.0,24.414062
1574682106.8650436,27.079999,98565.8125,238.504852,26.899999,38.0,24.414062
1574682139.8912036,27.12,98568.140625,238.309326,27.0,38.0,24.414062
1574682172.9177725,27.17,98566.609375,238.438796,27.1,38.0,24.414062
1574682205.9436889,27.2,98565.609375,238.523345,27.1,37.0,24.902343
1574682238.9698787,27.209999,98566.132812,238.478424,27.1,38.0,24.902343
1574682271.9955008,27.229999,98565.625,238.523345,27.0,37.0,24.414062
1574682305.0213833,27.25,98566.34375,238.45993,27.1,37.0,24.902343
1574682338.0474627,27.26,98567.59375,238.354248,27.2,37.0,24.902343
1574682371.0740461,27.299999,98568.320312,238.293472,27.1,37.0,24.902343
1574682404.0994892,27.25,98567.75,238.341033,27.0,37.0,24.902343
1574682437.1258743,27.18,98569.59375,238.185134,26.899999,38.0,24.902343
1574682470.1524014,27.11,98570.765625,238.084732,26.899999,38.0,24.902343
1574682503.1778843,27.059999,98570.875,238.074157,26.7,38.0,24.902343
1574682536.2038207,27.02,98570.484375,238.108505,26.7,38.0,24.902343
1574682569.2306173,27.12,98569.90625,238.158721,26.7,38.0,24.902343
1574682602.2565901,27.17,98569.59375,238.185134,26.7,38.0,24.902343
1574682635.281936,27.17,98567.671875,238.348953,26.7,38.0,24.902343
1574682668.3084545,27.17,98567.84375,238.333099,26.6,38.0,24.902343
1574682701.3343558,27.17,98568.734375,238.259124,26.5,38.0,24.902343
1574682734.3601768,27.18,98570.125,238.140213,26.5,38.0,24.902343
1574682767.3864646,27.129999,98568.507812,238.277618,26.5,39.0,24.902343
1574682800.4128773,26.989999,98569.234375,238.214202,26.399999,39.0,24.414062
1574682833.4388874,26.87,98570.140625,238.137573,26.299999,39.0,24.414062
1574682866.4648786,26.799999,98572.148437,237.965835,26.1,39.0,24.414062
1574682899.490824,26.75,98568.046875,238.317245,26.1,40.0,24.414062
1574682932.5164592,26.68,98567.25,238.383316,26.0,40.0,24.414062
1574682965.5427735,26.639999,98566.320312,238.46257,25.899999,39.0,24.414062
1574682998.5692625,26.61,98568.039062,238.317245,25.799999,39.0,24.414062
1574683031.5950732,26.569999,98567.796875,238.338394,25.799999,39.0,24.414062
1574683064.6211207,26.659999,98566.890625,238.415023,25.799999,39.0,23.925781
1574683097.6465418,26.69,98567.265625,238.383316,25.799999,39.0,24.414062
1574683130.6733646,26.7,98564.109375,238.650177,25.799999,39.0,24.414062
1574683163.6989288,26.69,98564.632812,238.60791,25.799999,39.0,24.414062
1574683196.7251935,26.7,98562.859375,238.758514,25.7,39.0,24.414062
1574683229.7519395,26.67,98563.007812,238.7453,25.7,40.0,24.414062
1574683262.777706,26.549999,98565.140625,238.562988,25.5,40.0,24.414062
1574683295.8038447,26.43,98563.5625,238.697738,25.399999,40.0,23.925781
1574683328.8304775,26.36,98564.007812,238.660751,25.299999,41.0,23.925781
1574683361.8557713,26.28,98559.117187,239.075592,25.1,41.0,23.925781
1574683394.8825407,26.229999,98562.421875,238.795501,24.899999,41.0,23.925781
1574683427.907745,26.17,98562.304687,238.806076,24.899999,41.0,23.925781
1574683460.9341156,26.11,98563.117187,238.734725,24.799999,42.0,23.4375
1574683493.9597774,26.069999,98561.453125,238.87741,24.7,42.0,23.4375
1574683526.986033,26.03,98561.203125,238.898559,24.7,42.0,23.4375
1574683560.013004,25.989999,98560.8125,238.930267,24.6,42.0,23.4375
1574683593.0378337,25.959999,98559.671875,239.02803,24.6,42.0,23.4375
1574683626.063504,25.909999,98561.90625,238.837783,24.6,42.0,23.4375
1574683659.0897017,25.87,98561.140625,238.903839,24.5,42.0,23.4375
1574683692.115956,25.84,98561.640625,238.861557,24.5,42.0,23.4375
1574683725.1416283,25.799999,98563.46875,238.705673,24.5,43.0,23.4375
1574683758.1683095,25.78,98562.570312,238.782287,24.5,43.0,23.4375
1574683791.194414,25.77,98564.125,238.650177,24.5,43.0,23.4375
1574683824.2197964,25.739999,98562.671875,238.774368,24.399999,43.0,23.4375
1574683857.2461705,25.709999,98562.796875,238.763793,24.399999,43.0,23.4375
1574683890.271907,25.7,98560.65625,238.946105,24.5,43.0,23.4375
1574683923.2986798,25.69,98559.578125,239.035949,24.5,43.0,23.4375
1574683956.3250482,25.649999,98562.15625,238.816635,24.399999,43.0,22.949218
1574683989.350705,25.629999,98561.4375,238.87741,24.399999,43.0,22.949218
1574684022.3762455,25.61,98562.625,238.777008,24.399999,43.0,23.4375
1574684055.4026546,25.59,98563.609375,238.692459,24.399999,43.0,22.949218
1574684088.4289308,25.579999,98562.375,238.798141,24.399999,43.0,22.949218
1574684121.4553936,25.549999,98562.84375,238.758514,24.399999,43.0,22.949218
1574684154.4815202,25.52,98564.039062,238.658111,24.299999,43.0,22.949218
1574684187.5077474,25.5,98561.90625,238.837783,24.299999,43.0,22.949218
1574684220.5334654,25.479999,98561.328125,238.887985,24.299999,43.0,22.949218
1574684253.5601633,25.45,98561.25,238.895904,24.2,43.0,22.949218
1574684286.5860596,25.44,98560.015625,238.998962,24.2,43.0,22.949218
1574684319.6115234,25.42,98558.742187,239.107299,24.2,43.0,22.949218
1574684352.6376855,25.389999,98557.828125,239.186553,24.2,43.0,22.949218
1574684385.663791,25.37,98556.9375,239.260543,24.2,43.0,22.949218
1574684418.6902223,25.36,98556.734375,239.279037,24.2,43.0,22.949218
1574684451.7159219,25.34,98557.53125,239.210342,24.2,43.0,22.949218
1574684484.742403,25.319999,98557.6875,239.197128,24.2,43.0,22.949218
1574684517.7686808,25.299999,98557.5,239.212982,24.2,43.0,22.460937
1574684550.7941637,25.28,98556.75,239.276397,24.2,43.0,22.949218
1574684583.8204525,25.27,98556.726562,239.279037,24.2,43.0,22.949218
1574684616.8467073,25.25,98558.984375,239.086151,24.2,43.0,22.949218
1574684649.8726988,25.229999,98558.78125,239.104644,24.1,43.0,22.949218
1574684682.8983285,25.229999,98560.164062,238.988388,24.1,43.0,22.949218
1574684715.9247487,25.209999,98559.398437,239.051803,24.1,43.0,22.949218
1574684748.950964,25.2,98557.984375,239.173355,24.1,43.0,22.949218
1574684781.976952,25.19,98558.132812,239.16014,24.1,43.0,22.460937
1574684815.0028222,25.18,98558.8125,239.102005,24.1,43.0,22.460937
1574684848.0292916,25.159999,98555.984375,239.342453,24.1,43.0,22.949218
1574684881.0548577,25.149999,98555.078125,239.419082,24.1,43.0,22.949218
1574684914.0815556,25.139999,98555.4375,239.390014,24.1,43.0,22.949218
1574684947.1075742,25.129999,98556.101562,239.331878,24.1,43.0,22.949218
1574684980.1332686,25.1,98554.640625,239.456069,24.1,43.0,22.460937
1574685013.1596467,25.09,98555.132812,239.416442,24.0,43.0,22.460937
1574685046.185359,25.069999,98554.390625,239.479858,24.0,43.0,22.460937
1574685079.2115164,25.059999,98554.570312,239.464004,24.0,43.0,22.949218
1574685112.2371647,25.059999,98551.21875,239.749359,24.0,43.0,22.460937
1574685145.2635012,25.049999,98551.359375,239.73616,24.1,43.0,22.949218
1574685178.2894511,25.03,98551.179687,239.752014,24.0,43.0,22.460937
1574685211.3149333,25.03,98551.515625,239.722946,24.0,44.0,22.460937
1574685244.3412528,25.02,98549.203125,239.921112,24.0,43.0,22.460937
1574685277.3672936,25.01,98551.125,239.757293,24.0,43.0,22.460937
1574685310.392975,25.0,98550.0625,239.847122,24.0,43.0,22.460937
1574685343.418796,24.979999,98549.664062,239.881484,24.0,43.0,22.460937
1574685376.4456286,24.959999,98549.265625,239.915832,24.0,43.0,22.460937
1574685409.4710903,24.959999,98551.890625,239.691238,24.0,44.0,22.460937
1574685442.4970262,24.95,98551.34375,239.7388,24.0,43.0,22.460937
1574685475.523246,24.94,98550.4375,239.815414,24.0,43.0,22.460937
1574685508.5490851,24.93,98550.59375,239.802215,24.0,44.0,22.460937
1574685541.574815,24.92,98551.109375,239.757293,23.899999,43.0,22.460937
1574685574.6019564,24.909999,98550.375,239.820709,23.899999,43.0,21.972656
1574685607.627475,24.899999,98550.007812,239.852416,23.899999,43.0,22.460937
1574685640.6534944,24.899999,98550.203125,239.836563,23.899999,43.0,22.460937
1574685673.6806743,24.889999,98549.835937,239.865631,23.899999,43.0,22.460937
1574685706.706285,24.87,98548.921875,239.9449,24.0,43.0,22.460937
1574685739.732639,24.87,98548.203125,240.005661,24.0,43.0,22.460937
1574685772.7581275,24.86,98545.578125,240.227615,23.899999,43.0,22.460937
1574685805.7844615,24.85,98543.609375,240.396728,23.899999,43.0,22.460937
1574685838.811275,24.84,98543.578125,240.399368,23.899999,43.0,22.460937
1574685871.8375945,24.84,98543.570312,240.399368,24.0,43.0,22.460937
1574685904.8637195,24.829999,98541.453125,240.57904,23.899999,43.0,22.460937
1574685937.8897123,24.819999,98539.859375,240.71643,23.899999,43.0,22.460937
1574685970.9161663,24.819999,98538.976562,240.79042,24.0,43.0,22.460937
1574686003.9416137,24.819999,98539.671875,240.732284,24.0,43.0,22.460937
1574686036.967947,24.809999,98539.640625,240.734939,24.0,43.0,22.460937
1574686069.9940684,24.799999,98539.453125,240.750793,23.899999,43.0,22.460937
1574686103.0204031,24.79,98539.078125,240.782501,23.899999,43.0,22.460937
1574686136.0469198,24.78,98542.40625,240.499771,23.899999,43.0,21.972656
1574686169.0732734,24.77,98542.03125,240.531478,23.899999,43.0,22.460937
1574686202.0993538,24.77,98540.796875,240.637176,23.899999,43.0,22.460937
1574686235.1261299,24.76,98541.671875,240.560546,23.899999,43.0,22.460937
1574686268.1517446,24.75,98540.59375,240.653015,23.899999,43.0,22.460937
1574686301.1781046,24.75,98541.304687,240.592254,23.899999,43.0,21.972656
1574686334.2042396,24.739999,98541.804687,240.549972,23.799999,43.0,22.460937
1574686367.2301433,24.739999,98543.90625,240.3703,23.799999,43.0,21.972656
1574686400.256544,24.729999,98540.164062,240.690017,23.899999,43.0,21.972656
1574686433.2837338,24.719999,98539.8125,240.719085,23.899999,43.0,22.460937
1574686466.3099337,24.719999,98541.039062,240.616027,23.899999,43.0,21.972656
1574686499.3362777,24.719999,98537.703125,240.898757,23.899999,43.0,22.460937
1574686532.3620353,24.709999,98538.03125,240.872329,23.799999,43.0,22.460937
1574686565.38869,24.709999,98537.5,240.917251,23.899999,43.0,22.460937
1574686598.4142787,24.709999,98538.023437,240.872329,23.799999,43.0,22.460937
1574686631.4415638,24.7,98539.765625,240.724365,23.899999,43.0,22.460937
1574686664.4669251,24.709999,98539.078125,240.782501,23.799999,43.0,21.972656
1574686697.493948,24.7,98540.296875,240.679443,23.799999,43.0,22.460937
1574686730.5198643,24.69,98540.09375,240.695297,23.899999,43.0,22.460937
1574686763.5458803,24.68,98541.328125,240.589614,23.799999,43.0,22.460937
1574686796.5722141,24.68,98543.414062,240.412582,23.799999,43.0,21.972656
1574686829.5986042,24.68,98543.765625,240.383514,23.799999,43.0,22.460937
1574686862.6249878,24.67,98540.765625,240.639816,23.799999,43.0,21.972656
1574686895.6511133,24.67,98543.734375,240.386154,23.899999,43.0,21.972656
1574686928.6769795,24.649999,98541.953125,240.536758,23.899999,43.0,21.972656
1574686961.7034943,24.649999,98541.078125,240.610748,23.799999,43.0,22.460937
1574686994.7298803,24.639999,98540.375,240.671524,23.799999,43.0,21.972656
1574687027.7560186,24.639999,98541.40625,240.58432,23.899999,43.0,21.972656
1574687060.782278,24.639999,98540.53125,240.658309,23.799999,43.0,22.460937
1574687093.8086672,24.639999,98541.578125,240.568466,23.799999,43.0,21.972656
1574687126.8352232,24.629999,98540.679687,240.645095,23.799999,43.0,21.972656
1574687159.8613546,24.629999,98542.25,240.512985,23.799999,43.0,21.972656
1574687192.8876297,24.62,98542.9375,240.452209,23.799999,43.0,22.460937
1574687225.9133737,24.62,98542.585937,240.483917,23.7,43.0,22.460937
1574687258.939686,24.62,98543.28125,240.425781,23.899999,43.0,21.972656
1574687291.9659116,24.61,98543.125,240.436355,23.899999,43.0,21.972656
1574687324.9921706,24.61,98545.40625,240.243469,23.899999,43.0,21.972656
1574687358.0183713,24.61,98545.039062,240.275177,23.799999,43.0,21.972656
1574687391.0453136,24.6,98544.632812,240.309524,23.799999,43.0,21.972656
1574687424.070884,24.59,98546.375,240.16156,23.7,43.0,22.460937
1574687457.097091,24.59,98547.421875,240.071716,23.799999,43.0,21.972656
1574687490.1231713,24.59,98547.0625,240.103424,23.799999,43.0,21.972656
1574687523.149671,24.579999,98548.125,240.010955,23.7,43.0,22.460937
1574687556.175544,24.579999,98548.8125,239.952819,23.7,43.0,21.972656
1574687589.2027018,24.579999,98547.0625,240.103424,23.7,43.0,21.972656
1574687622.228239,24.579999,98548.984375,239.939605,23.7,43.0,22.460937
1574687655.2550693,24.59,98548.820312,239.952819,23.799999,43.0,21.972656
1574687688.281506,24.59,98548.8125,239.952819,23.899999,43.0,22.460937
1574687721.3072052,24.579999,98548.296875,239.997741,23.799999,43.0,22.460937
1574687754.3333027,24.579999,98547.9375,240.026809,23.799999,43.0,21.972656
1574687787.3597026,24.569999,98548.078125,240.016235,23.799999,43.0,22.460937
1574687820.3863032,24.569999,98546.875,240.119277,23.799999,43.0,21.972656
1574687853.4122398,24.569999,98545.796875,240.211761,23.899999,44.0,21.972656
1574687886.4387684,24.579999,98547.046875,240.103424,23.799999,43.0,21.972656
1574687919.4648015,24.579999,98546.53125,240.148345,23.799999,44.0,21.972656
1574687952.4905255,24.59,98546.0,240.193267,23.799999,44.0,21.972656
1574687985.5174263,24.59,98547.0625,240.103424,23.799999,44.0,21.972656
1574688018.5430927,24.6,98548.5,239.979248,23.899999,44.0,21.972656
1574688051.5695827,24.6,98550.078125,239.844482,23.799999,44.0,21.972656
1574688084.595797,24.61,98552.40625,239.648956,23.899999,44.0,21.972656
1574688117.6215112,24.61,98552.414062,239.646316,23.899999,44.0,22.460937
1574688150.6483173,24.61,98554.703125,239.45079,24.0,44.0,21.972656
1574688183.6739023,24.61,98552.945312,239.601394,24.0,44.0,22.460937
1574688216.6995857,24.62,98552.75,239.617248,23.899999,44.0,21.972656
1574688249.7263772,24.61,98552.234375,239.66217,23.899999,44.0,21.972656
1574688282.7528524,24.62,98551.171875,239.752014,23.899999,44.0,21.972656
1574688315.7783954,24.62,98549.96875,239.855056,23.899999,44.0,22.460937
1574688348.8048272,24.62,98549.953125,239.857696,23.899999,44.0,21.972656
1574688381.8305142,24.62,98549.96875,239.855056,23.899999,44.0,22.460937
1574688414.8572338,24.61,98550.484375,239.810134,23.899999,44.0,21.972656
1574688447.8832004,24.62,98551.171875,239.752014,23.899999,44.0,21.972656
1574688480.909139,24.62,98553.625,239.543273,23.899999,44.0,22.460937
1574688513.9358099,24.629999,98553.476562,239.556472,23.899999,44.0,21.972656
1574688546.9614563,24.629999,98555.765625,239.360946,23.899999,44.0,22.460937
1574688579.9883125,24.62,98556.976562,239.257904,23.899999,44.0,21.972656
1574688613.014404,24.629999,98557.335937,239.228836,23.799999,44.0,22.460937
1574688646.040393,24.62,98556.804687,239.273757,24.0,44.0,21.972656
1574688679.0666726,24.62,98559.25,239.065017,23.899999,44.0,21.972656
1574688712.0920808,24.62,98558.546875,239.125793,23.899999,44.0,21.972656
1574688745.1190681,24.62,98556.625,239.289611,23.899999,44.0,21.972656
1574688778.1445327,24.629999,98556.8125,239.273757,23.899999,44.0,22.460937
1574688811.171543,24.629999,98558.21875,239.152206,23.899999,44.0,22.460937
1574688844.197921,24.62,98557.15625,239.24205,23.899999,44.0,22.460937
1574688877.223832,24.62,98558.382812,239.138992,23.899999,44.0,21.972656
1574688910.2497447,24.62,98559.085937,239.078231,23.899999,44.0,21.972656
1574688943.2760675,24.629999,98560.507812,238.95668,23.899999,44.0,21.972656
1574688976.3024042,24.629999,98561.734375,238.853637,23.899999,44.0,21.972656
1574689009.32836,24.629999,98562.945312,238.750579,23.899999,44.0,22.460937
1574689042.3551877,24.62,98562.242187,238.808715,23.899999,44.0,22.460937
1574689075.380742,24.629999,98564.53125,238.615829,23.899999,44.0,22.460937
1574689108.4069614,24.629999,98563.140625,238.734725,23.899999,44.0,21.972656
1574689141.4330792,24.649999,98563.1875,238.729446,23.899999,45.0,22.460937
1574689174.4593563,24.649999,98564.578125,238.610549,23.899999,44.0,22.460937
1574689207.4855573,24.649999,98563.375,238.713592,23.899999,44.0,22.460937
1574689240.5123034,24.649999,98566.6875,238.430877,23.899999,44.0,21.972656
1574689273.538261,24.639999,98562.289062,238.806076,24.0,44.0,21.972656
1574689306.564121,24.639999,98564.046875,238.655456,23.899999,44.0,21.972656
1574689339.5898907,24.639999,98565.28125,238.552413,23.899999,44.0,22.460937
1574689372.6171057,24.649999,98564.234375,238.639602,23.899999,44.0,22.460937
1574689405.642117,24.649999,98567.75,238.341033,24.0,44.0,21.972656
1574689438.6688309,24.649999,98566.695312,238.430877,23.899999,44.0,21.972656
1574689471.695198,24.649999,98566.53125,238.444076,23.899999,44.0,21.972656
1574689504.7211068,24.649999,98567.75,238.341033,23.899999,44.0,22.460937
1574689537.7470865,24.649999,98569.6875,238.177215,23.899999,44.0,22.460937
1574689570.7734115,24.649999,98566.875,238.415023,23.899999,44.0,22.460937
1574689603.800242,24.649999,98566.328125,238.46257,23.899999,44.0,22.460937
1574689636.825835,24.659999,98566.515625,238.446716,23.899999,44.0,21.972656
1574689669.8515143,24.649999,98563.890625,238.67131,24.0,43.0,22.460937
1574689702.877913,24.649999,98564.40625,238.626403,23.899999,44.0,22.460937
1574689735.9047682,24.649999,98562.84375,238.758514,23.899999,44.0,21.972656
1574689768.931029,24.649999,98560.734375,238.938186,23.899999,44.0,21.972656
1574689801.9570768,24.659999,98560.203125,238.983108,23.899999,44.0,21.972656
1574689834.9827101,24.659999,98558.625,239.117858,23.899999,43.0,21.972656
1574689868.0091925,24.649999,98557.382812,239.223556,23.899999,44.0,22.460937
1574689901.036337,24.659999,98558.976562,239.08879,23.899999,44.0,22.460937
1574689934.0617385,24.649999,98557.578125,239.207702,23.899999,44.0,22.460937
1574689967.088411,24.649999,98556.179687,239.326599,23.899999,44.0,21.972656
1574690000.1145575,24.659999,98555.984375,239.342453,23.899999,44.0,21.972656
1574690033.1401901,24.659999,98558.28125,239.146926,23.899999,44.0,22.460937
1574690066.1663854,24.659999,98558.976562,239.08879,23.899999,44.0,21.972656
1574690099.1932986,24.659999,98557.0625,239.252624,24.0,44.0,22.460937
1574690132.2185655,24.659999,98558.453125,239.133712,24.0,44.0,21.972656
1574690165.2446008,24.659999,98560.03125,238.998962,23.899999,44.0,22.460937
1574690198.2707977,24.659999,98557.578125,239.207702,23.899999,44.0,22.460937
1574690231.2968495,24.659999,98558.625,239.117858,23.899999,44.0,21.972656
1574690264.3233008,24.659999,98557.9375,239.175994,23.899999,44.0,22.460937
1574690297.3493364,24.659999,98558.796875,239.104644,23.899999,44.0,22.460937
1574690330.3755233,24.659999,98557.757812,239.191848,23.899999,44.0,22.460937
1574690363.4019775,24.659999,98556.867187,239.268478,23.899999,44.0,21.972656
1574690396.4283466,24.659999,98557.757812,239.191848,23.899999,44.0,21.972656
1574690429.45415,24.659999,98558.109375,239.16278,23.899999,44.0,21.972656
1574690462.4806597,24.67,98557.953125,239.175994,23.899999,44.0,21.972656
1574690495.5065758,24.67,98558.46875,239.131072,24.0,44.0,22.460937
1574690528.5322344,24.659999,98560.046875,238.996322,23.899999,44.0,22.460937
1574690568.5427296,24.649999,98560.5625,238.95404,23.899999,44.0,21.972656
1574690601.5688167,24.649999,98561.617187,238.864196,23.899999,44.0,21.972656
1574690645.3329108,24.649999,98563.875,238.67131,23.899999,43.0,21.972656
1574690678.3596025,24.649999,98564.40625,238.626403,23.899999,44.0,22.460937
1574690711.3863528,24.649999,98566.335937,238.46257,23.899999,44.0,21.972656
1574690744.4107435,24.649999,98566.335937,238.46257,24.0,44.0,21.972656
1574690777.4372962,24.639999,98565.257812,238.552413,23.899999,44.0,21.972656
1574690810.463982,24.649999,98565.640625,238.520706,23.899999,44.0,21.972656
1574690843.49045,24.639999,98566.507812,238.446716,23.899999,44.0,21.972656
1574690876.5160584,24.649999,98566.15625,238.478424,23.899999,44.0,21.972656
1574690909.542694,24.649999,98564.414062,238.626403,23.899999,44.0,21.972656
1574690942.5697367,24.649999,98564.585937,238.610549,23.899999,44.0,22.460937
1574690975.5960138,24.639999,98563.34375,238.716232,23.899999,43.0,21.972656
1574691008.6215975,24.639999,98561.9375,238.835144,24.0,44.0,21.972656
1574691041.6478622,24.639999,98561.40625,238.882705,24.0,44.0,21.972656
1574691074.6734843,24.639999,98563.0,238.7453,23.899999,44.0,21.972656
1574691107.7001307,24.639999,98562.992187,238.7453,23.899999,44.0,21.972656
1574691140.7263544,24.639999,98561.59375,238.864196,23.899999,44.0,21.972656
1574691173.7525675,24.649999,98560.375,238.969894,23.899999,44.0,21.972656
1574691206.7796123,24.649999,98560.03125,238.998962,23.899999,44.0,21.972656
1574691239.8046627,24.649999,98559.671875,239.02803,23.899999,44.0,21.972656
1574691272.830722,24.639999,98558.78125,239.104644,23.899999,44.0,22.460937
1574691305.8568873,24.639999,98560.53125,238.95668,24.0,44.0,22.460937
1574691338.882439,24.649999,98563.179687,238.729446,23.899999,44.0,21.972656
1574691371.9088378,24.649999,98563.1875,238.729446,23.899999,44.0,21.972656
1574691404.9351153,24.639999,98564.921875,238.581481,23.899999,44.0,22.460937
1574691437.9610379,24.639999,98563.859375,238.673965,23.899999,44.0,22.460937
1574691470.9872375,24.639999,98565.265625,238.552413,23.899999,44.0,22.460937
1574691504.0151186,24.649999,98566.0,238.491638,23.899999,44.0,21.972656
1574691537.0416882,24.659999,98566.695312,238.430877,23.899999,44.0,22.460937
1574691570.0660264,24.67,98566.71875,238.428222,23.899999,44.0,21.972656
1574691603.0917315,24.659999,98564.945312,238.578842,23.899999,44.0,21.972656
1574691636.1192348,24.659999,98564.421875,238.623748,23.899999,44.0,22.460937
1574691669.1443648,24.67,98568.125,238.309326,23.899999,44.0,22.460937
1574691702.171453,24.67,98564.078125,238.652816,23.899999,44.0,21.972656
1574691735.1975472,24.67,98563.03125,238.74266,23.899999,44.0,21.972656
1574691768.223088,24.67,98566.90625,238.412368,24.0,44.0,22.460937
1574691801.2493124,24.67,98565.835937,238.504852,23.899999,44.0,21.972656
1574691834.276265,24.659999,98565.828125,238.504852,23.899999,44.0,21.972656
1574691867.3020523,24.659999,98567.398437,238.370101,23.899999,44.0,22.460937
1574691900.3275056,24.659999,98568.273437,238.296112,23.899999,44.0,21.972656
1574691933.354866,24.649999,98568.453125,238.282897,23.899999,44.0,22.460937
1574691966.3807597,24.659999,98570.03125,238.148147,23.899999,44.0,22.460937
1574691999.4069717,24.67,98569.703125,238.174575,23.899999,44.0,22.460937
1574692032.4335675,24.659999,98569.515625,238.190429,23.899999,44.0,22.460937
1574692065.4589732,24.659999,98568.453125,238.282897,23.899999,44.0,21.972656
1574692098.4853466,24.659999,98570.5625,238.103225,23.899999,43.0,22.460937
1574692131.5119689,24.659999,98569.15625,238.222137,23.899999,43.0,22.460937
1574692164.5379052,24.659999,98568.796875,238.25119,23.899999,43.0,21.972656
1574692197.5645423,24.649999,98568.078125,238.314605,23.899999,43.0,21.972656
1574692230.590624,24.649999,98568.078125,238.314605,23.899999,43.0,22.460937
1574692263.6174536,24.659999,98568.273437,238.296112,23.899999,44.0,21.972656
1574692296.6429267,24.659999,98572.65625,237.923553,23.899999,43.0,22.460937
1574692329.6699562,24.659999,98569.515625,238.190429,23.899999,44.0,22.460937
1574692362.6961086,24.67,98570.578125,238.100585,24.0,43.0,21.972656
1574692395.7216866,24.659999,98568.984375,238.235336,23.899999,43.0,21.972656
1574692428.748623,24.649999,98571.4375,238.026596,23.899999,43.0,22.460937
1574692461.7750194,24.649999,98569.671875,238.177215,23.899999,43.0,22.460937
1574692494.8000355,24.659999,98568.796875,238.25119,24.0,44.0,21.972656
1574692527.8272638,24.659999,98571.265625,238.042449,23.899999,43.0,21.972656
1574692560.8530555,24.659999,98570.742187,238.087371,23.899999,43.0,22.460937
1574692593.8791354,24.659999,98570.742187,238.087371,24.0,43.0,21.972656
1574692626.905769,24.659999,98570.554687,238.103225,23.899999,43.0,22.460937
1574692659.931488,24.659999,98570.03125,238.148147,23.899999,43.0,21.972656
1574692692.9586089,24.659999,98570.914062,238.071517,23.899999,43.0,21.972656
1574692725.9846325,24.649999,98570.71875,238.087371,23.899999,43.0,21.972656
1574692759.0113204,24.659999,98572.296875,237.955261,23.899999,43.0,21.972656
1574692792.037299,24.649999,98572.140625,237.968475,23.899999,43.0,21.972656
1574692825.0635078,24.649999,98573.1875,237.878631,23.899999,43.0,22.460937
1574692858.091415,24.649999,98574.921875,237.730667,23.899999,43.0,21.972656
1574692891.1155248,24.649999,98574.390625,237.775588,23.899999,43.0,22.460937
1574692924.1417797,24.659999,98575.632812,237.669891,23.899999,43.0,21.972656
1574692957.1679533,24.649999,98574.765625,237.743881,24.0,43.0,21.972656
1574692990.1942563,24.649999,98574.21875,237.791442,23.899999,43.0,22.460937
1574693023.221003,24.649999,98573.882812,237.817855,23.899999,43.0,22.460937
1574693056.2473586,24.649999,98572.671875,237.920913,23.899999,43.0,21.972656
1574693089.2735193,24.649999,98571.765625,238.000183,23.899999,43.0,22.460937
1574693122.3000417,24.649999,98573.1875,237.878631,23.899999,43.0,21.972656
1574693155.3263214,24.649999,98574.242187,237.788803,23.899999,43.0,21.972656
1574693188.3529751,24.649999,98574.234375,237.788803,23.899999,43.0,21.972656
1574693221.378352,24.649999,98575.109375,237.714813,23.899999,43.0,21.972656
1574693254.4050593,24.659999,98575.453125,237.685745,23.899999,43.0,21.972656
1574693287.4312484,24.659999,98576.703125,237.580062,23.899999,43.0,22.460937
1574693320.4580114,24.649999,98575.453125,237.685745,24.0,43.0,21.972656
1574693353.4850569,24.659999,98577.570312,237.506072,23.899999,43.0,21.972656
1574693386.5100067,24.659999,98579.15625,237.371322,23.899999,43.0,21.972656
1574693419.536864,24.659999,98578.109375,237.461151,23.899999,43.0,21.972656
1574693452.5636237,24.649999,98577.90625,237.477005,23.899999,43.0,21.972656
1574693485.58899,24.659999,98577.921875,237.474365,23.899999,43.0,22.460937
1574693518.6158698,24.659999,98578.796875,237.40039,24.0,43.0,22.460937
1574693551.6417394,24.649999,98578.78125,237.40303,23.899999,43.0,22.460937
1574693584.667892,24.649999,98578.429687,237.432083,23.899999,43.0,22.460937
1574693617.694587,24.649999,98577.90625,237.477005,23.899999,43.0,21.972656
1574693650.719858,24.649999,98576.328125,237.61177,23.899999,43.0,22.460937
1574693683.7488246,24.649999,98575.804687,237.656677,23.899999,43.0,22.460937
1574693716.7734745,24.649999,98577.5625,237.506072,23.899999,43.0,21.972656
1574693749.799194,24.649999,98579.5,237.342254,23.899999,43.0,22.460937
1574693782.8254306,24.639999,98578.78125,237.40303,23.899999,43.0,22.460937
1574693815.8522487,24.649999,98578.101562,237.461151,23.899999,43.0,21.972656
1574693848.8780563,24.659999,98578.789062,237.40039,23.899999,43.0,22.460937
1574693881.904145,24.649999,98579.132812,237.371322,23.899999,43.0,22.460937
1574693914.9310403,24.649999,98581.234375,237.19429,23.899999,43.0,22.460937
1574693947.9566178,24.659999,98581.4375,237.175796,23.899999,43.0,22.460937
1574693980.9828005,24.659999,98581.796875,237.146728,23.899999,43.0,21.972656
1574694014.0089073,24.659999,98580.554687,237.25241,23.899999,43.0,22.460937
1574694047.0356605,24.67,98580.234375,237.278839,23.899999,43.0,21.972656
1574694080.0615509,24.659999,98579.859375,237.310546,24.0,43.0,21.972656
1574694113.0877469,24.67,98578.304687,237.442657,24.0,43.0,21.972656
1574694146.1135304,24.68,98579.1875,237.368682,23.899999,43.0,21.972656
1574694179.1398149,24.67,98576.203125,237.622329,23.899999,43.0,21.972656
1574694212.1663296,24.67,98576.203125,237.622329,24.0,43.0,21.972656
1574694245.1930397,24.67,98574.96875,237.728027,23.899999,43.0,21.972656
1574694278.2185903,24.659999,98577.40625,237.519287,23.899999,43.0,22.460937
1574694311.2452831,24.659999,98575.46875,237.683105,23.899999,43.0,21.972656
1574694344.2713146,24.67,98574.609375,237.743881,23.899999,43.0,22.460937
1574694377.2979553,24.659999,98575.828125,237.654037,23.899999,43.0,22.460937
1574694410.3239996,24.67,98575.835937,237.654037,23.899999,43.0,21.972656
1574694443.3498142,24.68,98574.8125,237.741241,23.899999,43.0,22.460937
1574694476.3767397,24.68,98578.671875,237.410949,23.899999,43.0,21.972656
1574694509.4026847,24.68,98577.796875,237.484939,23.899999,43.0,21.972656
1574694542.4301293,24.7,98578.0,237.469085,24.0,43.0,21.972656
1574694575.4551914,24.7,98577.484375,237.514007,23.899999,43.0,21.972656
1574694608.4811342,24.7,98577.125,237.54306,24.0,43.0,21.972656
1574694641.5064354,24.69,98576.234375,237.619689,24.0,43.0,22.460937
1574694674.5346868,24.68,98578.664062,237.413589,24.0,43.0,21.972656
1574694707.5593297,24.659999,98576.0,237.638183,24.0,43.0,22.460937
1574694740.5853007,24.67,98574.960937,237.728027,24.0,43.0,21.972656
1574694773.610935,24.67,98576.015625,237.638183,23.899999,43.0,22.460937
1574694806.6374624,24.67,98576.554687,237.590621,23.899999,43.0,22.460937
1574694839.663579,24.67,98576.203125,237.622329,24.0,43.0,21.972656
1574694872.6899297,24.67,98576.015625,237.638183,23.899999,43.0,21.972656
1574694905.715793,24.67,98577.25,237.532501,23.899999,43.0,21.972656
1574694938.7421644,24.68,98575.328125,237.696319,23.899999,43.0,21.972656
1574694971.7686455,24.69,98577.640625,237.498153,23.899999,43.0,22.460937
1574695004.7947772,24.69,98576.40625,237.603836,23.899999,43.0,21.972656
1574695037.8216956,24.68,98576.578125,237.590621,23.899999,43.0,22.460937
1574695070.8484244,24.69,98578.164062,237.455871,23.899999,43.0,21.972656
1574695103.8743644,24.68,98575.0,237.725387,24.0,43.0,21.972656
1574695136.9008443,24.68,98573.234375,237.873352,23.899999,43.0,22.460937
1574695169.9268596,24.69,98575.882812,237.648757,23.899999,43.0,22.460937
1574695202.9528704,24.69,98572.195312,237.96318,24.0,43.0,21.972656
1574695235.9792058,24.68,98573.953125,237.812576,24.0,43.0,21.972656
1574695269.005682,24.69,98570.4375,238.1138,23.899999,43.0,22.460937
1574695302.031162,24.69,98574.140625,237.796722,24.0,43.0,21.972656
1574695335.0574174,24.69,98573.25,237.873352,24.0,43.0,22.460937
1574695368.0833883,24.69,98576.054687,237.635543,23.899999,43.0,21.972656
1574695401.1098034,24.69,98576.585937,237.587982,24.0,43.0,21.972656
1574695434.1351929,24.69,98577.109375,237.545715,23.899999,43.0,21.972656
1574695467.161684,24.68,98578.484375,237.426803,24.0,43.0,21.972656
1574695500.1876774,24.67,98578.289062,237.445297,24.0,43.0,22.460937
1574695533.214301,24.67,98580.570312,237.249771,23.899999,43.0,21.972656
1574695566.2401948,24.68,98580.0625,237.292053,23.899999,43.0,22.460937
1574695599.2661917,24.67,98582.164062,237.11502,23.899999,43.0,21.972656
1574695632.2926998,24.659999,98578.28125,237.445297,24.0,43.0,21.972656
1574695665.318786,24.659999,98578.984375,237.384536,23.899999,43.0,21.972656
1574695698.3472722,24.659999,98579.492187,237.342254,23.899999,43.0,22.460937
1574695731.3715954,24.659999,98579.671875,237.3264,23.899999,43.0,21.972656
1574695764.3979979,24.659999,98578.8125,237.40039,23.899999,43.0,21.972656
1574695797.424087,24.659999,98577.9375,237.474365,23.899999,43.0,22.460937
1574695830.4505332,24.659999,98577.234375,237.53514,23.899999,43.0,21.972656
1574695863.477397,24.659999,98575.46875,237.683105,24.0,43.0,21.972656
1574695896.5034811,24.659999,98577.390625,237.521926,23.899999,43.0,21.972656
1574695929.528817,24.659999,98575.984375,237.640823,24.0,43.0,22.460937
1574695962.5549579,24.659999,98577.0625,237.548355,23.899999,43.0,22.460937
1574695995.581373,24.659999,98575.828125,237.654037,24.0,43.0,21.972656
1574696028.6068795,24.659999,98575.304687,237.698959,23.899999,43.0,22.460937
1574696061.6342363,24.649999,98577.5625,237.506072,24.0,43.0,21.972656
1574696094.6595514,24.659999,98577.734375,237.490219,23.899999,43.0,22.460937
1574696127.6858034,24.649999,98577.03125,237.550994,23.899999,43.0,21.972656
1574696160.7124174,24.659999,98578.609375,237.416244,23.899999,43.0,21.972656
1574696193.7381814,24.659999,98578.984375,237.384536,23.899999,43.0,21.972656
1574696226.765003,24.659999,98582.476562,237.088592,24.0,43.0,21.972656
1574696259.7906659,24.649999,98581.085937,237.207504,23.899999,43.0,21.972656
1574696292.8172045,24.659999,98580.726562,237.236557,23.899999,43.0,21.972656
1574696325.8439429,24.659999,98584.40625,236.924774,23.899999,43.0,22.460937
1574696358.869001,24.649999,98583.875,236.969696,23.899999,43.0,22.460937
1574696391.8953762,24.649999,98580.546875,237.25241,23.799999,43.0,21.972656
1574696424.92224,24.649999,98581.609375,237.162582,23.899999,43.0,21.972656
1574696457.948584,24.649999,98579.859375,237.310546,23.899999,43.0,21.972656
1574696490.9750946,24.649999,98584.40625,236.924774,23.899999,43.0,21.972656
1574696524.0010045,24.649999,98581.078125,237.207504,23.899999,43.0,21.972656
1574696557.0276852,24.649999,98580.1875,237.281478,23.799999,43.0,22.460937
1574696590.0529714,24.659999,98578.453125,237.429443,24.0,43.0,22.460937
1574696623.0795782,24.67,98578.117187,237.458511,23.899999,43.0,21.972656
1574696656.1060152,24.67,98575.671875,237.667251,23.899999,43.0,21.972656
1574696689.1325457,24.67,98576.023437,237.638183,24.0,43.0,22.460937
1574696722.158268,24.68,98576.75,237.574768,23.899999,43.0,22.460937
1574696755.1844957,24.67,98580.046875,237.294692,24.0,43.0,21.972656
1574696788.2102337,24.659999,98576.335937,237.609115,24.0,43.0,21.972656
1574696821.2369275,24.649999,98576.867187,237.564208,23.899999,43.0,22.460937
1574696854.2628582,24.649999,98576.34375,237.609115,23.899999,43.0,21.972656
1574696887.2886884,24.649999,98576.164062,237.624969,23.899999,43.0,22.460937
1574696920.3154128,24.639999,98575.09375,237.717453,23.899999,43.0,21.972656
1574696953.3423085,24.639999,98579.640625,237.32904,23.899999,43.0,21.972656
1574696986.3681438,24.639999,98578.773437,237.40303,23.899999,43.0,21.972656
1574697019.3949633,24.629999,98579.96875,237.302612,23.899999,43.0,22.460937
1574697052.4209216,24.629999,98576.109375,237.630264,23.799999,43.0,21.972656
1574697085.4474077,24.639999,98576.65625,237.582702,23.899999,43.0,22.460937
1574697118.473367,24.649999,98576.15625,237.624969,23.899999,43.0,21.972656
1574697151.500199,24.67,98578.117187,237.458511,23.899999,43.0,21.972656
1574697184.5257404,24.68,98577.96875,237.471725,23.899999,43.0,21.972656
1574697217.5525887,24.68,98579.367187,237.352828,23.899999,43.0,22.460937
1574697250.5779355,24.68,98579.90625,237.307907,24.0,43.0,22.460937
1574697283.6036954,24.68,98581.65625,237.157287,24.0,43.0,22.460937
1574697316.6306834,24.68,98581.664062,237.157287,24.0,43.0,21.972656
1574697349.6551619,24.7,98580.796875,237.231277,24.0,44.0,21.972656
1574697382.6815553,24.7,98580.8125,237.228637,24.0,44.0,21.972656
1574697415.7070484,24.7,98582.03125,237.125579,24.0,44.0,22.460937
1574697448.7333765,24.7,98581.15625,237.199569,24.0,44.0,22.460937
1574697481.7590137,24.709999,98580.648437,237.244491,24.0,44.0,22.460937
1574697514.7846994,24.7,98580.46875,237.257705,23.899999,44.0,21.972656
1574697547.8113542,24.7,98580.8125,237.228637,24.0,44.0,21.972656
1574697580.8375576,24.7,98580.28125,237.273559,24.0,44.0,22.460937
1574697613.8632164,24.7,98582.5625,237.080673,23.899999,44.0,21.972656
1574697646.889481,24.7,98581.515625,237.170501,24.0,44.0,21.972656
1574697679.9152253,24.709999,98581.882812,237.138793,24.0,44.0,22.460937
1574697712.94132,24.709999,98583.289062,237.019897,24.0,44.0,22.460937
1574697745.966487,24.7,98581.515625,237.170501,24.0,44.0,21.972656
1574697778.992961,24.7,98580.289062,237.273559,24.0,44.0,22.460937
1574697812.0180876,24.709999,98580.304687,237.273559,24.0,44.0,21.972656
1574697845.0451071,24.709999,98581.898437,237.136154,24.0,44.0,21.972656
1574697878.0710628,24.719999,98582.609375,237.075378,23.899999,44.0,21.972656
1574697911.097038,24.719999,98584.03125,236.956481,24.0,44.0,22.460937
1574697944.1238017,24.729999,98585.25,236.850784,24.0,44.0,22.460937
1574697977.1482828,24.729999,98588.75,236.554855,24.0,44.0,22.460937
1574698010.17504,24.739999,98588.109375,236.607696,24.0,44.0,22.460937
1574698043.200208,24.729999,98589.8125,236.462371,24.0,44.0,22.460937
1574698076.2260346,24.729999,98591.726562,236.301193,24.0,44.0,22.460937
1574698109.2519097,24.719999,98589.820312,236.462371,24.0,44.0,22.460937
1574698142.2786229,24.729999,98589.320312,236.504653,24.0,44.0,21.972656
1574698175.303704,24.719999,98589.09375,236.525787,24.0,44.0,21.972656
1574698208.329595,24.729999,98589.96875,236.449157,24.0,44.0,22.460937
1574698241.3560658,24.729999,98590.671875,236.391036,24.0,44.0,21.972656
1574698274.3814325,24.719999,98589.625,236.478225,24.0,44.0,22.460937
1574698307.4085882,24.719999,98591.5625,236.314407,24.0,44.0,21.972656
1574698340.4333692,24.719999,98588.226562,236.597137,23.899999,44.0,21.972656
1574698373.4599674,24.719999,98588.046875,236.612991,24.0,44.0,22.460937
1574698406.4859395,24.729999,98589.101562,236.523147,24.0,44.0,21.972656
1574698439.5121317,24.739999,98590.210937,236.430664,24.0,44.0,22.460937
1574698472.5383232,24.739999,98590.390625,236.41481,24.0,44.0,22.460937
1574698505.5636892,24.739999,98589.335937,236.504653,24.0,44.0,22.460937
1574698538.58921,24.739999,98588.828125,236.546936,24.0,44.0,22.460937
1574698571.615159,24.76,98590.25,236.425384,24.0,44.0,22.460937
1574698604.641262,24.76,98590.25,236.425384,24.0,44.0,22.460937
1574698637.6662674,24.76,98590.789062,236.380462,24.0,44.0,22.460937
1574698670.6930606,24.75,98589.539062,236.48616,24.0,44.0,22.460937
1574698703.7190936,24.75,98591.992187,236.27742,24.0,44.0,22.460937
1574698736.7452216,24.75,98591.460937,236.322341,24.1,44.0,22.460937
1574698769.771072,24.75,98592.859375,236.20343,24.0,44.0,22.460937
1574698802.7970862,24.75,98592.875,236.20343,24.1,44.0,21.972656
1574698835.822285,24.76,98593.070312,236.184936,24.0,44.0,21.972656
1574698868.8485966,24.76,98593.242187,236.171722,24.1,44.0,22.460937
1574698901.874714,24.76,98592.71875,236.216644,24.0,44.0,22.460937
1574698934.9002273,24.76,98592.015625,236.27478,24.0,44.0,22.460937
1574698967.9258049,24.76,98591.828125,236.290634,24.0,44.0,22.460937
1574699000.9519918,24.77,98591.484375,236.322341,24.0,44.0,22.460937
1574699033.9782865,24.77,98593.773437,236.1268,24.0,44.0,22.460937
1574699067.0037332,24.79,98592.78125,236.211364,24.1,44.0,22.460937
1574699100.0302997,24.799999,98590.6875,236.388397,24.1,44.0,22.460937
1574699133.0570898,24.809999,98591.398437,236.327621,24.1,44.0,22.460937
1574699166.0822296,24.809999,98590.359375,236.417449,24.1,44.0,22.460937
1574699199.1085997,24.809999,98588.78125,236.552215,24.2,44.0,22.460937
1574699232.134592,24.799999,98589.984375,236.449157,24.1,44.0,21.972656
1574699265.1615956,24.79,98589.78125,236.465011,24.1,44.0,22.460937
1574699298.1865277,24.77,98589.9375,236.451812,24.1,44.0,22.460937
1574699331.212729,24.77,98590.109375,236.438598,24.1,44.0,22.460937
1574699364.2386994,24.77,98593.09375,236.184936,24.1,44.0,22.460937
1574699397.2650855,24.77,98592.039062,236.27478,24.1,44.0,22.460937
1574699430.2907498,24.77,98590.453125,236.40953,24.0,44.0,22.460937
1574699463.3175335,24.77,98592.71875,236.216644,24.1,44.0,22.460937
1574699496.3427675,24.77,98592.015625,236.27478,24.0,44.0,21.972656
1574699529.3690069,24.76,98589.90625,236.454452,24.0,44.0,22.460937
1574699562.3944342,24.76,98589.5625,236.48352,24.0,44.0,22.460937
1574699595.421038,24.75,98589.007812,236.531082,24.0,44.0,21.972656
1574699628.4468887,24.75,98589.179687,236.517868,24.1,44.0,21.972656
1574699661.4723022,24.75,98588.664062,236.560134,24.0,44.0,22.460937
1574699694.498954,24.75,98588.828125,236.546936,24.0,44.0,22.460937
1574699727.5241265,24.739999,98589.0,236.533721,24.0,44.0,22.460937
1574699760.5508075,24.75,98588.304687,236.591842,24.1,44.0,22.460937
1574699793.5759397,24.76,98590.609375,236.396316,24.0,44.0,22.460937
1574699826.6027794,24.76,98590.429687,236.41217,24.1,44.0,22.460937
1574699859.6277492,24.77,98590.8125,236.377822,24.1,45.0,22.460937
1574699892.6543932,24.78,98591.695312,236.303833,24.1,44.0,22.460937
1574699925.680982,24.78,98587.84375,236.631484,24.1,45.0,22.460937
1574699958.70634,24.78,98589.601562,236.480865,24.1,45.0,22.460937
1574699991.7324297,24.79,98588.382812,236.583923,24.1,45.0,21.972656
1574700024.7581446,24.799999,98586.992187,236.702819,24.1,44.0,22.460937
1574700057.7842314,24.799999,98585.757812,236.808517,24.1,45.0,22.460937
1574700090.811351,24.819999,98587.5625,236.655258,24.1,45.0,22.460937
1574700123.8377833,24.819999,98587.40625,236.668472,24.1,45.0,22.460937
1574700156.8629026,24.829999,98588.828125,236.546936,24.1,45.0,22.460937
1574700189.8890483,24.829999,98587.9375,236.62355,24.2,45.0,22.460937
1574700222.9153116,24.84,98588.296875,236.591842,24.2,45.0,22.460937
1574700255.941842,24.84,98589.703125,236.472946,24.2,45.0,22.460937
1574700288.9676926,24.85,98588.507812,236.575988,24.2,45.0,21.972656
1574700321.9936152,24.85,98587.640625,236.647338,24.2,45.0,22.460937
1574700355.019442,24.87,98588.554687,236.570709,24.2,45.0,22.460937
1574700388.0463147,24.85,98588.695312,236.557495,24.2,44.0,22.460937
1574700421.0719972,24.84,98587.421875,236.668472,24.2,44.0,22.460937
1574700454.0984013,24.819999,98587.921875,236.62355,24.2,44.0,22.460937
1574700487.1238945,24.819999,98588.796875,236.549575,24.2,44.0,22.460937
1574700520.1505868,24.809999,98589.65625,236.478225,24.1,44.0,22.460937
1574700553.176655,24.809999,98590.34375,236.417449,24.1,44.0,22.460937
1574700586.201755,24.809999,98590.007812,236.446517,24.1,44.0,22.460937
1574700619.2283568,24.819999,98592.476562,236.237777,24.2,44.0,22.460937
1574700652.2543821,24.819999,98590.375,236.41481,24.1,44.0,22.460937
1574700685.2800941,24.799999,98589.796875,236.465011,24.1,44.0,22.460937
1574700718.3067124,24.79,98592.234375,236.256271,24.1,45.0,22.460937
1574700751.3327017,24.79,98592.0625,236.272125,24.0,45.0,22.460937
1574700784.3590825,24.79,98594.164062,236.092453,24.1,45.0,22.460937
1574700817.3842065,24.79,98591.90625,236.285339,24.1,45.0,22.460937
1574700850.4109085,24.79,98591.90625,236.285339,24.1,45.0,22.460937
1574700883.437461,24.79,98594.34375,236.076599,24.1,45.0,22.460937
1574700916.4633033,24.79,98591.53125,236.317047,24.1,45.0,22.460937
1574700949.4893966,24.799999,98592.609375,236.224578,24.1,44.0,22.460937
1574700982.51615,24.809999,98592.640625,236.221923,24.1,45.0,22.460937
1574701015.541302,24.809999,98591.585937,236.311767,24.1,45.0,22.460937
1574701048.567251,24.819999,98591.078125,236.356689,24.1,45.0,22.460937
1574701081.5933805,24.829999,98591.28125,236.338195,24.2,45.0,22.460937
1574701114.6195552,24.84,98592.34375,236.248352,24.2,45.0,22.460937
1574701147.6461053,24.85,98592.546875,236.229858,24.2,45.0,22.460937
1574701180.6721346,24.86,98591.015625,236.361968,24.2,45.0,22.460937
1574701213.6983132,24.86,98591.890625,236.285339,24.2,45.0,22.460937
1574701246.7248225,24.86,98589.96875,236.449157,24.2,45.0,22.460937
1574701279.750248,24.86,98590.671875,236.391036,24.2,45.0,22.460937
1574701312.7759085,24.87,98592.601562,236.227218,24.2,45.0,22.460937
1574701345.8028202,24.87,98592.25,236.256271,24.2,45.0,22.460937
1574701378.8291407,24.879999,98593.140625,236.179656,24.2,46.0,22.460937
1574701411.8545115,24.889999,98593.34375,236.163803,24.2,45.0,22.460937
1574701444.881101,24.889999,98595.992187,235.936569,24.299999,45.0,22.460937
1574701477.9077327,24.899999,98594.21875,236.089813,24.2,45.0,22.460937
1574701510.9332824,24.899999,98594.578125,236.058105,24.299999,45.0,22.460937
1574701543.959672,24.889999,98595.640625,235.968276,24.2,45.0,22.460937
1574701576.9863338,24.879999,98595.4375,235.98413,24.2,45.0,22.460937
1574701610.01146,24.87,98595.40625,235.98677,24.2,45.0,22.460937
1574701643.038193,24.86,98596.617187,235.883712,24.2,45.0,22.460937
1574701676.0641797,24.85,98598.695312,235.70668,24.2,45.0,22.460937
1574701709.090349,24.85,98594.828125,236.036972,24.2,45.0,22.460937
1574701742.116897,24.86,98597.5,235.809738,24.2,45.0,22.460937
1574701775.142219,24.86,98595.5625,235.973556,24.2,45.0,22.460937
1574701808.1685574,24.85,98596.234375,235.91806,24.2,45.0,22.460937
1574701841.1949103,24.86,98596.625,235.883712,24.2,46.0,22.460937
1574701874.2208633,24.87,98594.523437,236.0634,24.2,45.0,22.460937
1574701907.2472768,24.87,98596.984375,235.852005,24.2,45.0,22.460937
1574701940.2731986,24.87,98594.1875,236.092453,24.2,46.0,22.460937
1574701973.29913,24.87,98593.296875,236.166442,24.2,46.0,22.460937
1574702006.3251672,24.879999,98595.953125,235.941848,24.299999,46.0,22.460937
1574702039.3514907,24.879999,98593.851562,236.118881,24.2,46.0,22.460937
1574702072.377017,24.879999,98593.851562,236.118881,24.2,46.0,22.460937
1574702105.4029593,24.879999,98593.148437,236.179656,24.2,46.0,22.460937
1574702138.4294746,24.879999,98591.757812,236.298553,24.2,46.0,22.460937
1574702171.4560628,24.889999,98592.296875,236.250991,24.2,46.0,22.460937
1574702204.482184,24.889999,98593.351562,236.161163,24.2,46.0,22.460937
1574702237.5083055,24.889999,98592.46875,236.237777,24.2,46.0,22.460937
1574702270.5340645,24.889999,98591.765625,236.295913,24.2,46.0,22.460937
1574702303.5598798,24.889999,98591.953125,236.280059,24.2,46.0,22.460937
1574702336.5864892,24.889999,98593.703125,236.132095,24.2,46.0,22.460937
1574702369.611941,24.889999,98594.0625,236.103027,24.2,46.0,22.460937
1574702402.637817,24.899999,98595.109375,236.013183,24.2,46.0,22.460937
1574702435.6646073,24.909999,98595.125,236.010543,24.2,46.0,22.460937
1574702468.6901364,24.909999,98593.90625,236.113601,24.299999,46.0,22.460937
1574702501.716448,24.909999,98594.4375,236.068679,24.299999,46.0,22.460937
1574702534.7421067,24.909999,98594.953125,236.026397,24.2,46.0,22.460937
1574702567.7682688,24.899999,98594.9375,236.026397,24.299999,46.0,22.460937
1574702600.79437,24.909999,98595.132812,236.010543,24.2,46.0,22.460937
1574702633.820016,24.909999,98594.4375,236.068679,24.2,46.0,22.460937
1574702666.8471537,24.909999,98595.3125,235.994689,24.299999,46.0,22.460937
1574702699.8729026,24.909999,98592.859375,236.20343,24.299999,47.0,22.460937
1574702732.8992753,24.92,98592.171875,236.264205,24.2,47.0,22.460937
1574702765.925749,24.92,98590.945312,236.367248,24.2,47.0,22.460937
1574702798.950954,24.92,98593.40625,236.158508,24.2,47.0,22.460937
1574702831.9777741,24.92,98589.367187,236.502014,24.299999,47.0,22.460937
1574702865.0032604,24.92,98590.078125,236.441238,24.299999,47.0,22.460937
1574702898.0304627,24.92,98588.671875,236.560134,24.299999,47.0,22.460937
1574702931.0565627,24.93,98590.4375,236.40953,24.299999,47.0,22.460937
1574702964.0831063,24.92,98592.539062,236.229858,24.299999,47.0,22.460937
1574702997.1082923,24.909999,98589.171875,236.517868,24.299999,47.0,22.460937
1574703030.1350417,24.909999,98591.625,236.309127,24.2,47.0,22.460937
1574703063.1608975,24.92,98593.046875,236.187576,24.299999,47.0,22.460937
1574703096.186817,24.92,98592.703125,236.216644,24.299999,47.0,22.460937
1574703129.2138216,24.93,98592.359375,236.245712,24.2,47.0,22.460937
1574703162.2394035,24.93,98594.304687,236.081893,24.299999,47.0,22.460937
1574703195.2659512,24.93,98595.164062,236.007904,24.299999,47.0,22.460937
1574703228.292028,24.94,98596.226562,235.91806,24.399999,47.0,22.460937
1574703261.3181689,24.94,98595.1875,236.005264,24.299999,47.0,22.460937
1574703294.3450787,24.94,98594.304687,236.081893,24.399999,47.0,22.460937
1574703327.37016,24.94,98595.1875,236.005264,24.399999,47.0,22.460937
1574703360.397328,24.94,98596.945312,235.857299,24.2,47.0,22.460937
1574703393.4235353,24.94,98595.890625,235.947128,24.299999,47.0,22.460937
1574703426.4492352,24.94,98597.296875,235.825592,24.2,47.0,22.460937
1574703459.475258,24.95,98594.328125,236.079238,24.399999,47.0,22.460937
1574703492.5015087,24.94,98593.78125,236.1268,24.299999,47.0,22.949218
1574703525.527445,24.94,98594.3125,236.079238,24.299999,47.0,22.460937
1574703558.5533228,24.94,98594.828125,236.036972,24.299999,47.0,22.460937
1574703591.5803864,24.94,98594.65625,236.052825,24.299999,47.0,22.460937
1574703624.6062036,24.95,98594.328125,236.079238,24.299999,47.0,22.460937
1574703657.632733,24.94,98592.5625,236.229858,24.299999,47.0,22.460937
1574703690.6583173,24.95,98593.820312,236.12152,24.299999,48.0,22.460937
1574703723.6850529,24.959999,98594.710937,236.047546,24.299999,48.0,22.460937
1574703756.7106543,24.969999,98592.789062,236.208724,24.399999,48.0,22.460937
1574703789.7368815,24.979999,98591.21875,236.343475,24.5,48.0,22.460937
1574703822.762717,24.959999,98592.09375,236.269485,24.399999,48.0,22.460937
1574703855.7895803,24.959999,98589.804687,236.465011,24.399999,48.0,22.949218
1574703888.8153522,24.959999,98591.546875,236.317047,24.399999,48.0,22.460937
1574703921.841715,24.95,98590.835937,236.375183,24.399999,48.0,22.460937
1574703954.8667834,24.95,98593.117187,236.182296,24.399999,48.0,22.460937
1574703987.8937454,24.969999,98591.03125,236.359329,24.299999,48.0,22.460937
1574704020.9191964,24.979999,98589.164062,236.517868,24.399999,48.0,22.460937
1574704053.9446204,24.989999,98589.539062,236.48616,24.399999,48.0,22.460937
1574704086.9710073,25.0,98593.046875,236.187576,24.299999,48.0,22.460937
1574704119.9967604,25.02,98590.109375,236.438598,24.399999,48.0,22.460937
1574704153.0232356,25.02,98590.117187,236.438598,24.399999,48.0,22.460937
1574704186.0496686,25.03,98589.25,236.512573,24.399999,47.0,22.460937
1574704219.0756657,25.04,98589.609375,236.480865,24.399999,48.0,22.460937
1574704252.1013706,25.04,98588.203125,236.599777,24.5,48.0,22.460937
1574704285.1277602,25.04,98587.507812,236.660552,24.399999,47.0,22.460937
1574704318.1536126,25.04,98588.898437,236.541641,24.399999,47.0,22.949218
1574704351.1802564,25.03,98589.0625,236.528427,24.399999,47.0,22.949218
1574704384.2067316,25.03,98589.421875,236.496719,24.399999,47.0,22.460937
1574704417.2330272,25.02,98588.890625,236.541641,24.399999,47.0,22.460937
1574704450.2586179,25.04,98587.148437,236.689605,24.5,48.0,22.460937
1574704483.284384,25.059999,98588.070312,236.612991,24.399999,48.0,22.460937
1574704516.311046,25.079999,98585.820312,236.803222,24.399999,48.0,22.460937
1574704549.3367784,25.09,98585.15625,236.858718,24.5,49.0,22.460937
1574704582.3636894,25.1,98584.484375,236.916839,24.5,49.0,22.460937
1574704615.3892293,25.12,98584.859375,236.885147,24.5,49.0,22.949218
1574704648.4150896,25.129999,98585.414062,236.837585,24.5,49.0,22.949218
1574704681.4414325,25.12,98581.546875,237.167861,24.5,49.0,22.949218
1574704714.4674442,25.12,98581.71875,237.152008,24.6,48.0,22.460937
1574704747.4930024,25.129999,98580.515625,237.255065,24.6,48.0,22.460937
1574704780.5198755,25.139999,98581.914062,237.136154,24.6,48.0,22.460937
1574704813.5457764,25.139999,98581.046875,237.210144,24.6,48.0,22.460937
1574704846.571446,25.149999,98580.351562,237.268264,24.6,48.0,22.460937
1574704879.5981634,25.149999,98584.046875,236.953842,24.6,48.0,22.460937
1574704912.624401,25.149999,98583.0,237.04367,24.5,48.0,22.460937
1574704945.6504414,25.159999,98581.96875,237.130874,24.6,48.0,22.949218
1574704978.6763537,25.159999,98583.554687,236.996109,24.6,48.0,22.949218
1574705011.7025626,25.159999,98582.328125,237.099166,24.5,48.0,22.949218
1574705044.7288475,25.17,98583.375,237.011962,24.6,48.0,22.460937
1574705077.7539706,25.17,98583.203125,237.025177,24.6,48.0,22.460937
1574705110.7806308,25.18,98583.734375,236.980255,24.6,48.0,22.460937
1574705143.8062766,25.18,98583.039062,237.04103,24.6,48.0,22.949218
1574705176.8324685,25.18,98584.09375,236.951202,24.6,48.0,22.460937
1574705209.8592126,25.18,98585.84375,236.800582,24.6,48.0,22.460937
1574705242.884603,25.18,98584.960937,236.877212,24.5,48.0,22.949218
1574705275.9108984,25.19,98582.1875,237.11238,24.5,48.0,22.460937
1574705308.9372122,25.18,98580.585937,237.249771,24.5,48.0,22.949218
1574705341.962895,25.159999,98580.75,237.233917,24.5,48.0,22.460937
1574705374.988543,25.159999,98580.390625,237.265625,24.5,48.0,22.460937
1574705408.0150287,25.19,98579.203125,237.366027,24.5,48.0,22.949218
1574705441.0421793,25.19,98579.203125,237.366027,24.6,48.0,22.460937
1574705474.0679486,25.19,98580.078125,237.292053,24.5,48.0,22.949218
1574705507.0931542,25.19,98579.90625,237.307907,24.5,48.0,22.949218
1574705540.1197476,25.19,98579.375,237.352828,24.6,48.0,22.949218
1574705573.1452262,25.19,98580.953125,237.218063,24.6,48.0,22.949218
1574705606.1716256,25.19,98579.390625,237.350173,24.5,48.0,22.460937
1574705639.1969292,25.2,98578.703125,237.408309,24.5,48.0,22.949218
1574705672.2237997,25.2,98578.53125,237.424163,24.6,47.0,22.949218
1574705705.2488844,25.2,98577.84375,237.482299,24.6,47.0,22.949218
1574705738.275517,25.209999,98576.59375,237.587982,24.6,47.0,22.949218
1574705771.303015,25.209999,98576.4375,237.601196,24.6,47.0,22.460937
1574705804.328555,25.209999,98574.851562,237.735946,24.5,47.0,22.949218
1574705837.355019,25.219999,98574.164062,237.796722,24.6,47.0,22.949218
1574705870.3808806,25.229999,98575.09375,237.717453,24.6,47.0,22.949218
1574705903.4065447,25.229999,98574.578125,237.759735,24.6,47.0,22.949218
1574705936.433404,25.239999,98575.640625,237.669891,24.6,47.0,22.949218
1574705969.4598331,25.239999,98575.117187,237.714813,24.6,47.0,22.949218
1574706002.4856277,25.239999,98572.992187,237.894485,24.6,47.0,22.949218
1574706035.5120506,25.25,98574.25,237.788803,24.7,48.0,22.949218
1574706068.5380366,25.239999,98572.296875,237.955261,24.6,47.0,22.949218
1574706101.5643518,25.239999,98574.40625,237.775588,24.6,47.0,22.949218
1574706134.5899625,25.25,98571.421875,238.029251,24.6,47.0,22.949218
1574706167.6161969,25.25,98573.1875,237.878631,24.6,47.0,22.949218
1574706200.6420498,25.25,98572.484375,237.939407,24.5,47.0,22.460937
1574706233.6686776,25.239999,98572.296875,237.955261,24.5,47.0,22.460937
1574706266.6954129,25.239999,98570.1875,238.132293,24.5,47.0,22.949218
1574706299.7205985,25.239999,98570.546875,238.103225,24.6,47.0,22.949218
1574706332.7485013,25.239999,98570.1875,238.132293,24.5,47.0,22.460937
1574706365.7735205,25.25,98568.273437,238.296112,24.5,47.0,22.949218
1574706398.7994452,25.239999,98570.554687,238.103225,24.5,47.0,22.949218
1574706431.8261795,25.209999,98568.695312,238.261764,24.5,47.0,22.949218
1574706464.8522935,25.2,98568.351562,238.290832,24.5,47.0,22.949218
1574706497.8792686,25.19,98566.570312,238.441436,24.5,47.0,22.949218
1574706530.904694,25.18,98566.367187,238.45993,24.399999,47.0,22.949218
1574706563.9304729,25.18,98567.40625,238.370101,24.399999,47.0,22.949218
1574706596.9574468,25.17,98567.226562,238.385955,24.399999,47.0,22.949218
1574706629.982531,25.18,98568.460937,238.280258,24.399999,47.0,22.460937
1574706663.0101542,25.18,98568.125,238.309326,24.399999,47.0,22.949218
1574706696.0354974,25.18,98569.171875,238.219482,24.399999,47.0,22.949218
1574706729.0610337,25.159999,98570.21875,238.129653,24.399999,47.0,22.460937
1574706762.0880888,25.149999,98570.015625,238.148147,24.399999,47.0,22.460937
1574706795.1141987,25.149999,98570.015625,238.148147,24.399999,47.0,22.949218
1574706828.141385,25.149999,98570.523437,238.105865,24.399999,47.0,22.949218
1574706861.1659675,25.139999,98571.046875,238.060958,24.399999,47.0,22.949218
1574706894.1921825,25.139999,98572.8125,237.910339,24.399999,47.0,22.460937
1574706927.2183552,25.129999,98572.625,237.926193,24.399999,47.0,22.460937
1574706960.24516,25.129999,98572.601562,237.928833,24.299999,47.0,22.949218
1574706993.271402,25.12,98573.640625,237.839004,24.399999,47.0,22.949218
1574707026.29745,25.129999,98573.132812,237.883926,24.399999,47.0,22.460937
1574707059.3241167,25.12,98572.421875,237.944686,24.399999,47.0,22.949218
1574707092.3498082,25.12,98572.945312,237.89978,24.399999,47.0,22.949218
1574707125.376047,25.129999,98573.835937,237.82315,24.399999,47.0,22.460937
1574707158.4026713,25.129999,98574.359375,237.778228,24.399999,47.0,22.460937
1574707191.4282253,25.129999,98573.664062,237.839004,24.399999,47.0,22.460937
1574707224.4556103,25.129999,98573.828125,237.82315,24.299999,47.0,22.949218
1574707257.4805684,25.129999,98574.015625,237.807296,24.399999,47.0,22.460937
1574707290.506361,25.129999,98575.765625,237.659332,24.399999,47.0,22.949218
1574707323.533368,25.129999,98575.953125,237.643478,24.399999,47.0,22.949218
1574707356.560122,25.12,98575.75,237.659332,24.399999,47.0,22.460937
1574707389.5850573,25.12,98572.40625,237.944686,24.399999,47.0,22.460937
1574707422.6121643,25.11,98572.375,237.947326,24.399999,47.0,22.949218
1574707455.6376958,25.11,98575.890625,237.648757,24.299999,47.0,22.460937
1574707488.663707,25.11,98573.609375,237.841644,24.299999,47.0,22.949218
1574707521.6897216,25.1,98570.109375,238.140213,24.399999,47.0,22.460937
1574707554.7160726,25.1,98570.46875,238.108505,24.299999,47.0,22.460937
1574707587.741634,25.1,98568.671875,238.261764,24.299999,47.0,22.460937
1574707620.7692907,25.09,98569.015625,238.232696,24.299999,47.0,22.949218
1574707653.7951047,25.09,98569.171875,238.219482,24.299999,47.0,22.460937
1574707686.8212051,25.09,98569.703125,238.174575,24.299999,47.0,22.460937
1574707719.8470469,25.09,98569.695312,238.174575,24.299999,47.0,22.460937
1574707752.873674,25.09,98570.578125,238.100585,24.399999,47.0,22.460937
1574707785.899373,25.09,98570.226562,238.129653,24.299999,47.0,22.460937
1574707818.9260385,25.079999,98569.164062,238.222137,24.399999,47.0,22.460937
1574707851.952064,25.09,98568.992187,238.235336,24.299999,47.0,22.460937
1574707884.978952,25.079999,98569.328125,238.206283,24.299999,47.0,22.460937
1574707918.0045102,25.069999,98569.492187,238.193069,24.299999,47.0,22.460937
1574707951.030742,25.059999,98571.585937,238.013397,24.2,47.0,22.460937
1574707984.058114,25.069999,98570.375,238.119079,24.2,47.0,22.460937
1574708017.0829868,25.079999,98570.554687,238.103225,24.299999,48.0,22.460937
1574708050.109085,25.11,98570.09375,238.142868,24.299999,48.0,23.4375
1574708083.1343365,25.11,98569.585937,238.185134,24.399999,48.0,23.4375
1574708116.161717,25.12,98568.726562,238.259124,24.299999,48.0,23.4375
1574708149.18773,25.129999,98570.515625,238.105865,24.399999,48.0,23.4375
1574708182.2129889,25.139999,98568.046875,238.317245,24.299999,48.0,22.949218
1574708215.239711,25.149999,98568.585937,238.269683,24.399999,47.0,23.4375
1574708248.2650743,25.149999,98569.484375,238.193069,24.5,47.0,23.4375
1574708281.290874,25.149999,98567.90625,238.327819,24.299999,47.0,23.4375
1574708314.3238533,25.149999,98570.015625,238.148147,24.299999,47.0,23.4375
1574708347.344764,25.149999,98570.007812,238.148147,24.5,47.0,23.4375
1574708380.370591,25.139999,98570.6875,238.092666,24.399999,47.0,22.949218
1574708413.396741,25.139999,98571.914062,237.986968,24.299999,47.0,23.4375
1574708446.4227123,25.139999,98572.632812,237.926193,24.5,48.0,23.4375
1574708479.449829,25.129999,98572.625,237.942047,24.399999,48.0,23.4375
1574708512.4754984,25.129999,98572.4375,237.942047,24.5,48.0,23.4375
1574708545.501311,25.12,98574.351562,237.778228,24.5,48.0,22.949218
1574708578.5263622,25.129999,98575.0625,237.720092,24.299999,48.0,23.4375
1574708611.5531018,25.129999,98576.296875,237.61441,24.5,48.0,23.4375
1574708644.5821743,25.149999,98576.140625,237.627624,24.399999,48.0,22.949218
1574708677.6053052,25.159999,98576.351562,237.609115,24.299999,48.0,22.949218
1574708710.6320226,25.17,98577.773437,237.487579,24.6,48.0,23.4375
1574708743.6582732,25.18,98579.171875,237.368682,24.5,48.0,22.949218
1574708776.6843038,25.18,98582.875,237.054244,24.6,48.0,23.4375
1574708809.709088,25.19,98580.78125,237.231277,24.2,48.0,23.4375
1574708842.7353384,25.2,98581.15625,237.199569,24.399999,48.0,23.4375
1574708875.7632759,25.2,98582.21875,237.109725,24.399999,48.0,22.949218
1574708908.7883666,25.209999,98582.578125,237.078033,24.399999,49.0,23.4375
1574708941.813229,25.209999,98583.109375,237.033111,24.5,49.0,22.949218
1574708974.8393805,25.209999,98582.921875,237.048965,24.6,49.0,24.414062
1574709007.8658264,25.209999,98582.921875,237.048965,24.7,49.0,22.949218
1574709040.8927662,25.209999,98581.859375,237.138793,24.399999,49.0,22.949218
1574709073.9187005,25.2,98582.390625,237.096527,24.5,49.0,22.949218
1574709106.9445481,25.209999,98583.976562,236.959121,24.7,49.0,23.4375
1574709139.970738,25.219999,98584.515625,236.914199,24.7,50.0,23.4375
1574709172.9964995,25.209999,98584.5,236.916839,24.399999,49.0,23.4375
1574709206.024272,25.219999,98587.320312,236.676406,24.5,50.0,22.949218
1574709239.048308,25.219999,98586.796875,236.721313,24.399999,50.0,22.949218
1574709272.0751462,25.209999,98588.367187,236.586563,24.399999,50.0,23.4375
1574709305.1011686,25.219999,98589.609375,236.480865,24.5,49.0,23.4375
1574709338.127846,25.219999,98593.46875,236.153228,24.6,50.0,23.4375
1574709371.1532433,25.209999,98594.507812,236.0634,24.399999,49.0,23.4375
1574709404.1796894,25.219999,98594.695312,236.047546,24.6,49.0,23.925781
1574709437.206841,25.209999,98593.460937,236.153228,24.399999,49.0,23.4375
1574709470.231987,25.219999,98595.765625,235.957702,24.5,50.0,23.4375
1574709503.257345,25.229999,98595.804687,235.952423,24.7,50.0,23.4375
1574709536.2837753,25.239999,98593.71875,236.129455,24.399999,50.0,23.4375
1574709569.3108842,25.239999,98593.023437,236.190216,24.5,50.0,22.949218
1574709602.3365862,25.239999,98591.78125,236.295913,24.6,50.0,23.4375
1574709635.362313,25.25,98590.9375,236.367248,24.6,50.0,22.949218
1574709668.3899791,25.27,98591.484375,236.322341,24.5,50.0,23.4375
1574709701.4141126,25.26,98589.71875,236.470306,24.6,49.0,22.949218
1574709734.4404588,25.26,98589.71875,236.470306,24.6,49.0,22.949218
1574709767.467485,25.26,98592.703125,236.216644,24.799999,49.0,23.4375
1574709800.4927242,25.26,98591.109375,236.354049,24.5,50.0,23.4375
1574709833.5197709,25.26,98591.46875,236.322341,24.7,50.0,23.4375
1574709866.545135,25.25,98594.09375,236.100387,24.5,51.0,22.949218
1574709899.573022,25.25,98595.484375,235.981475,24.6,50.0,22.949218
1574709932.596781,25.25,98596.53125,235.891647,24.399999,50.0,23.4375
1574709965.6228416,25.239999,98595.296875,235.997329,24.5,50.0,23.4375
1574709998.6495335,25.239999,98594.25,236.084533,24.399999,50.0,22.949218
1574710031.6754875,25.25,98595.65625,235.965621,24.5,50.0,23.4375
1574710064.701789,25.25,98593.195312,236.174362,24.399999,50.0,23.4375
1574710097.7278228,25.25,98591.984375,236.27742,24.399999,50.0,23.925781
1574710130.753611,25.25,98591.28125,236.338195,24.399999,50.0,23.4375
1574710163.7796397,25.26,98591.640625,236.309127,24.5,50.0,23.4375
1574710196.8062377,25.26,98592.515625,236.232498,24.399999,50.0,22.460937
1574710229.8332434,25.25,98592.859375,236.20343,24.5,50.0,22.949218
1574710262.8587184,25.25,98592.140625,236.264205,24.7,50.0,23.4375
1574710295.88401,25.229999,98593.1875,236.177017,24.399999,50.0,24.414062
1574710328.9110603,25.229999,98593.882812,236.116241,24.399999,50.0,23.4375
1574710361.9366894,25.239999,98593.53125,236.147949,24.5,50.0,22.949218
1574710394.9628813,25.25,98593.90625,236.113601,24.399999,50.0,22.949218
1574710427.9892604,25.26,98593.578125,236.142654,24.5,50.0,23.4375
1574710461.015136,25.26,98592.171875,236.264205,24.5,50.0,23.4375
1574710494.0414503,25.27,98593.765625,236.1268,24.399999,50.0,23.4375
1574710527.0672028,25.27,98591.5,236.319686,24.7,50.0,23.4375
1574710560.0937135,25.29,98591.34375,236.332901,24.399999,50.0,23.925781
1574710593.1188602,25.309999,98591.71875,236.301193,24.5,50.0,22.949218
1574710626.1455803,25.319999,98591.390625,236.330261,24.6,50.0,22.949218
1574710659.1712556,25.319999,98592.109375,236.266845,24.399999,50.0,23.4375
1574710692.198136,25.34,98591.4375,236.324981,24.6,50.0,22.949218
1574710725.2245023,25.34,98589.492187,236.491439,24.899999,50.0,23.4375
1574710758.2501605,25.35,98591.125,236.351394,24.899999,50.0,22.949218
1574710791.2770827,25.36,98588.507812,236.575988,24.899999,50.0,22.949218
1574710824.3029556,25.36,98591.328125,236.33554,24.5,50.0,24.414062
1574710857.3333282,25.37,98591.6875,236.303833,24.6,50.0,22.949218
1574710890.3546832,25.36,98590.429687,236.41217,24.6,50.0,22.949218
1574710923.3801892,25.36,98590.796875,236.380462,24.6,50.0,23.925781
1574710956.408594,25.37,98590.460937,236.40953,24.6,51.0,23.4375
1574710989.4332004,25.37,98591.859375,236.287979,24.7,51.0,23.4375
1574711022.4592392,25.37,98592.5625,236.229858,24.5,51.0,23.4375
1574711055.4849117,25.37,98592.742187,236.214004,24.899999,50.0,23.925781
1574711088.5120602,25.37,98590.992187,236.361968,24.899999,51.0,22.949218
1574711121.536989,25.37,98591.34375,236.332901,24.6,51.0,23.4375
1574711154.56511,25.37,98591.0,236.361968,24.5,51.0,22.949218
1574711187.5898788,25.379999,98591.171875,236.346115,25.0,51.0,23.925781
1574711220.615936,25.389999,98591.367187,236.330261,24.5,51.0,23.925781
1574711253.6424222,25.389999,98589.96875,236.449157,24.799999,51.0,23.925781
1574711286.6682234,25.399999,98589.984375,236.449157,24.899999,51.0,23.4375
1574711319.6941936,25.399999,98590.507812,236.404251,24.899999,51.0,23.4375
1574711352.7202644,25.399999,98589.453125,236.494079,24.799999,51.0,21.972656
1574711385.7460957,25.399999,98588.75,236.554855,24.6,52.0,22.949218
1574711418.7729757,25.399999,98588.59375,236.568069,24.7,52.0,23.925781
1574711451.8003166,25.409999,98587.382812,236.671112,24.6,52.0,23.4375
